
--REGION DATA
INSERT INTO kbms_region (id, create_date, ip_address, update_date, user_id, version, code, name, status, parent_id) VALUES (3, '2015-02-20 14:36:17', NULL, NULL,1,0,'AS','Asia','ACTIVE',NULL);
INSERT INTO kbms_region (id, create_date, ip_address, update_date, user_id, version, code, name, status, parent_id) VALUES  (4, '2015-02-20 14:36:29', NULL, NULL,1,0,'EU','Europe','ACTIVE',NULL);
INSERT INTO kbms_region (id, create_date, ip_address, update_date, user_id, version, code, name, status, parent_id) VALUES  (5, '2015-02-20 14:36:49', NULL, NULL,1,0,'AM','America','ACTIVE',NULL);
INSERT INTO kbms_region (id, create_date, ip_address, update_date, user_id, version, code, name, status, parent_id) VALUES  (6, '2015-02-20 14:37:05', NULL, NULL,2,0,'AF','Africa','ACTIVE',NULL);
INSERT INTO kbms_region (id, create_date, ip_address, update_date, user_id, version, code, name, status, parent_id) VALUES  (7, '2015-02-20 14:38:12', NULL, NULL,2,0,'AN','Antarctica','ACTIVE',NULL);
INSERT INTO kbms_region (id, create_date, ip_address, update_date, user_id, version, code, name, status, parent_id) VALUES  (8, '2015-02-20 14:38:29', NULL, NULL,2,0,'OC','Ocenia','ACTIVE',NULL);
INSERT INTO kbms_region (id, create_date, ip_address, update_date, user_id, version, code, name, status, parent_id) VALUES  (9, '2015-02-20 14:38:47', NULL, NULL,2,0,'SAS','Southern Asia','ACTIVE',3);
INSERT INTO kbms_region (id, create_date, ip_address, update_date, user_id, version, code, name, status, parent_id) VALUES  (10, '2015-02-20 14:39:07', NULL, NULL,2,0,'NAS','Northern Asia','ACTIVE',3);
INSERT INTO kbms_region (id, create_date, ip_address, update_date, user_id, version, code, name, status, parent_id) VALUES  (11, '2015-02-20 14:39:19', NULL, NULL,2,0,'ME','Middle East','ACTIVE',3);
INSERT INTO kbms_region (id, create_date, ip_address, update_date, user_id, version, code, name, status, parent_id) VALUES  (12, '2015-02-20 14:39:37', NULL, NULL,2,0,'FE','Far East','ACTIVE',3);
INSERT INTO kbms_region (id, create_date, ip_address, update_date, user_id, version, code, name, status, parent_id) VALUES  (13, '2015-02-20 14:39:54', NULL, NULL,2,0,'NAM','North America','ACTIVE',5);
INSERT INTO kbms_region (id, create_date, ip_address, update_date, user_id, version, code, name, status, parent_id) VALUES  (14, '2015-02-20 14:40:19', NULL, NULL,2,0,'SAM','South America','ACTIVE',5);
INSERT INTO kbms_region (id, create_date, ip_address, update_date, user_id, version, code, name, status, parent_id) VALUES  (15, '2015-02-20 14:40:41', NULL, NULL,2,0,'SAF','South Africa','ACTIVE',6);
INSERT INTO kbms_region (id, create_date, ip_address, update_date, user_id, version, code, name, status, parent_id) VALUES  (16, '2015-02-20 14:41:02', NULL, NULL,2,0,'NAF','North Africa','ACTIVE',6);
INSERT INTO kbms_region (id, create_date, ip_address, update_date, user_id, version, code, name, status, parent_id) VALUES  (17, '2015-02-20 14:41:19', NULL, NULL,2,0,'NEU','Northern Europe','ACTIVE',4);
INSERT INTO kbms_region (id, create_date, ip_address, update_date, user_id, version, code, name, status, parent_id) VALUES  (18, '2015-02-20 14:41:32', NULL, NULL,2,0,'SEU','South Europe','ACTIVE',4);
INSERT INTO kbms_region (id, create_date, ip_address, update_date, user_id, version, code, name, status, parent_id) VALUES  (19, '2015-02-21 08:36:45', NULL, NULL,2,0,'AR','AREGION','ACTIVE',NULL);
INSERT INTO kbms_region (id, create_date, ip_address, update_date, user_id, version, code, name, status, parent_id) VALUES  (20, '2015-02-21 08:37:11', NULL, NULL,2,0,'SAR','SOTUH AREGION','ACTIVE',19);
INSERT INTO kbms_region (id, create_date, ip_address, update_date, user_id, version, code, name, status, parent_id) VALUES  (21, '2015-02-24 20:05:11', NULL, NULL,NULL,0,'SI','SIRIUS','ACTIVE',NULL);
INSERT INTO kbms_region (id, create_date, ip_address, update_date, user_id, version, code, name, status, parent_id) VALUES  (22, '2015-02-24 20:14:34', NULL, NULL,NULL,0,'OR','ORION','ACTIVE',NULL);
INSERT INTO kbms_region (id, create_date, ip_address, update_date, user_id, version, code, name, status, parent_id) VALUES  (23, '2015-02-25 09:31:05', NULL, NULL,NULL,0,'ORI','ORIONI','ACTIVE',22);


--Country data
INSERT INTO kbms_country (id, create_date, ip_address, update_date, user_id, version, code, name, region_id, status) VALUES (213, '2015-04-01 00:00:00', NULL, NULL,1,0,'UK','United Kingdom',4,'ACTIVE');

INSERT INTO kbms_country (id, create_date, ip_address, update_date, user_id, version, code, name, region_id, status) VALUES (214, '2015-02-21 08:25:37', NULL, NULL,1,0,'TR','Turkiye',11,'ACTIVE');
INSERT INTO kbms_country (id, create_date, ip_address, update_date, user_id, version, code, name, region_id, status) VALUES (215, '2015-02-21 08:25:37', NULL, NULL,1,0,'US','United States',5,'ACTIVE');
INSERT INTO kbms_country (id, create_date, ip_address, update_date, user_id, version, code, name, region_id, status) VALUES (216, '2015-02-21 08:25:37', NULL, NULL,1,0,'CA','Canada',5,'ACTIVE');
INSERT INTO kbms_country (id, create_date, ip_address, update_date, user_id, version, code, name, region_id, status) VALUES (217, '2015-02-21 08:25:37', NULL, NULL,1,0,'DE','Germany',4,'ACTIVE');
INSERT INTO kbms_country (id, create_date, ip_address, update_date, user_id, version, code, name, region_id, status) VALUES (218, '2015-02-21 08:25:37', NULL, NULL,1,0,'EN','England',4,'ACTIVE');
INSERT INTO kbms_country (id, create_date, ip_address, update_date, user_id, version, code, name, region_id, status) VALUES (219, '2015-02-21 08:25:37', NULL, NULL,1,0,'SW','Sweeden',3,'ACTIVE');
INSERT INTO kbms_country (id, create_date, ip_address, update_date, user_id, version, code, name, region_id, status) VALUES (227, '2015-02-21 08:28:02', NULL, NULL,1,0,'EA','EANDIA',3,'ACTIVE');
INSERT INTO kbms_country (id, create_date, ip_address, update_date, user_id, version, code, name, region_id, status) VALUES (228, '2015-02-21 08:28:02', NULL, NULL,1,0,'FA','FANDIA',3,'ACTIVE');
INSERT INTO kbms_country (id, create_date, ip_address, update_date, user_id, version, code, name, region_id, status) VALUES (229, '2015-02-21 08:28:02', NULL, NULL,1,0,'GA','GANDIA',3,'ACTIVE');
INSERT INTO kbms_country (id, create_date, ip_address, update_date, user_id, version, code, name, region_id, status) VALUES (230, '2015-02-21 08:28:02', NULL, NULL,1,0,'HA','HANDIA',3,'ACTIVE');
INSERT INTO kbms_country (id, create_date, ip_address, update_date, user_id, version, code, name, region_id, status) VALUES (231, '2015-02-21 08:28:02', NULL, NULL,1,0,'IA','IANDIA',3,'ACTIVE');
INSERT INTO kbms_country (id, create_date, ip_address, update_date, user_id, version, code, name, region_id, status) VALUES (232, '2015-02-21 08:28:02', NULL, NULL,1,0,'JA','JANDIA',3,'ACTIVE');
INSERT INTO kbms_country (id, create_date, ip_address, update_date, user_id, version, code, name, region_id, status) VALUES (233, '2015-02-21 08:28:02', NULL, NULL,1,0,'KA','KANDIA',3,'ACTIVE');
INSERT INTO kbms_country (id, create_date, ip_address, update_date, user_id, version, code, name, region_id, status) VALUES (234, '2015-02-21 08:28:02', NULL, NULL,1,0,'LA','LANDIA',3,'ACTIVE');
INSERT INTO kbms_country (id, create_date, ip_address, update_date, user_id, version, code, name, region_id, status) VALUES (235, '2015-02-21 08:28:02', NULL, NULL,1,0,'MA','MANDIA',3,'ACTIVE');
INSERT INTO kbms_country (id, create_date, ip_address, update_date, user_id, version, code, name, region_id, status) VALUES (236, '2015-02-21 08:28:02', NULL, NULL,1,0,'NA','NANDIA',3,'ACTIVE');
INSERT INTO kbms_country (id, create_date, ip_address, update_date, user_id, version, code, name, region_id, status) VALUES (237, '2015-02-21 08:28:02', NULL, NULL,1,0,'OA','OANDIA',3,'ACTIVE');
INSERT INTO kbms_country (id, create_date, ip_address, update_date, user_id, version, code, name, region_id, status) VALUES (238, '2015-02-21 08:28:02', NULL, NULL,1,0,'PA','PANDIA',3,'ACTIVE');
INSERT INTO kbms_country (id, create_date, ip_address, update_date, user_id, version, code, name, region_id, status) VALUES (239, '2015-02-21 08:28:02', NULL, NULL,1,0,'QA','QANDIA',3,'ACTIVE');
INSERT INTO kbms_country (id, create_date, ip_address, update_date, user_id, version, code, name, region_id, status) VALUES (240, '2015-02-21 08:28:02', NULL, NULL,1,0,'RA','RANDIA',3,'ACTIVE');
INSERT INTO kbms_country (id, create_date, ip_address, update_date, user_id, version, code, name, region_id, status) VALUES (241, '2015-02-21 08:28:02', NULL, NULL,1,0,'SA','SANDIA',3,'ACTIVE');
INSERT INTO kbms_country (id, create_date, ip_address, update_date, user_id, version, code, name, region_id, status) VALUES (242, '2015-02-21 08:28:02', NULL, NULL,1,0,'TA','TANDIA',3,'ACTIVE');
INSERT INTO kbms_country (id, create_date, ip_address, update_date, user_id, version, code, name, region_id, status) VALUES (243, '2015-02-21 08:28:02', NULL, NULL,1,0,'UA','UANDIA',3,'ACTIVE');
INSERT INTO kbms_country (id, create_date, ip_address, update_date, user_id, version, code, name, region_id, status) VALUES (244, '2015-02-21 08:28:02', NULL, NULL,1,0,'WA','WANDIA',3,'ACTIVE');
INSERT INTO kbms_country (id, create_date, ip_address, update_date, user_id, version, code, name, region_id, status) VALUES (245, '2015-02-21 08:28:02', NULL, NULL,1,0,'YA','YANDIA',3,'ACTIVE');
INSERT INTO kbms_country (id, create_date, ip_address, update_date, user_id, version, code, name, region_id, status) VALUES (246, '2015-02-21 08:28:02', NULL, NULL,1,0,'ZA','ZANDIA',3,'ACTIVE');
INSERT INTO kbms_country (id, create_date, ip_address, update_date, user_id, version, code, name, region_id, status) VALUES (247, '2015-02-21 08:28:02', NULL, NULL,1,0,'AB','ABNDIA',4,'ACTIVE');
INSERT INTO kbms_country (id, create_date, ip_address, update_date, user_id, version, code, name, region_id, status) VALUES (248, '2015-02-21 08:28:02', NULL, NULL,1,0,'BB','BBNDIA',4,'ACTIVE');
INSERT INTO kbms_country (id, create_date, ip_address, update_date, user_id, version, code, name, region_id, status) VALUES (249, '2015-02-21 08:28:02', NULL, NULL,1,0,'CB','CBNDIA',4,'ACTIVE');
INSERT INTO kbms_country (id, create_date, ip_address, update_date, user_id, version, code, name, region_id, status) VALUES (250, '2015-02-21 08:28:02', NULL, NULL,1,0,'DB','DBNDIA',4,'ACTIVE');
INSERT INTO kbms_country (id, create_date, ip_address, update_date, user_id, version, code, name, region_id, status) VALUES (251, '2015-02-21 08:28:02', NULL, NULL,1,0,'EB','EBNDIA',4,'ACTIVE');
INSERT INTO kbms_country (id, create_date, ip_address, update_date, user_id, version, code, name, region_id, status) VALUES (252, '2015-02-21 08:28:02', NULL, NULL,1,0,'FB','FBNDIA',4,'ACTIVE');
INSERT INTO kbms_country (id, create_date, ip_address, update_date, user_id, version, code, name, region_id, status) VALUES (253, '2015-02-21 08:28:02', NULL, NULL,1,0,'GB','GBNDIA',4,'ACTIVE');
INSERT INTO kbms_country (id, create_date, ip_address, update_date, user_id, version, code, name, region_id, status) VALUES (254, '2015-02-21 08:28:02', NULL, NULL,1,0,'HB','HBNDIA',4,'ACTIVE');
INSERT INTO kbms_country (id, create_date, ip_address, update_date, user_id, version, code, name, region_id, status) VALUES (255, '2015-02-21 08:28:02', NULL, NULL,1,0,'IB','IBNDIA',4,'ACTIVE');
INSERT INTO kbms_country (id, create_date, ip_address, update_date, user_id, version, code, name, region_id, status) VALUES (256, '2015-02-21 08:28:02', NULL, NULL,1,0,'JB','JBNDIA',4,'ACTIVE');
INSERT INTO kbms_country (id, create_date, ip_address, update_date, user_id, version, code, name, region_id, status) VALUES (257, '2015-02-21 08:28:02', NULL, NULL,1,0,'KB','KBNDIA',4,'ACTIVE');
INSERT INTO kbms_country (id, create_date, ip_address, update_date, user_id, version, code, name, region_id, status) VALUES (258, '2015-02-21 08:28:02', NULL, NULL,1,0,'LB','LBNDIA',4,'ACTIVE');
INSERT INTO kbms_country (id, create_date, ip_address, update_date, user_id, version, code, name, region_id, status) VALUES (259, '2015-02-21 08:28:02', NULL, NULL,1,0,'MB','MBNDIA',4,'ACTIVE');
INSERT INTO kbms_country (id, create_date, ip_address, update_date, user_id, version, code, name, region_id, status) VALUES (260, '2015-02-21 08:28:02', NULL, NULL,1,0,'NB','NBNDIA',4,'ACTIVE');
INSERT INTO kbms_country (id, create_date, ip_address, update_date, user_id, version, code, name, region_id, status) VALUES (261, '2015-02-21 08:28:02', NULL, NULL,1,0,'OB','OBNDIA',4,'ACTIVE');
INSERT INTO kbms_country (id, create_date, ip_address, update_date, user_id, version, code, name, region_id, status) VALUES (262, '2015-02-21 08:28:02', NULL, NULL,1,0,'PB','PBNDIA',4,'ACTIVE');
INSERT INTO kbms_country (id, create_date, ip_address, update_date, user_id, version, code, name, region_id, status) VALUES (263, '2015-02-21 08:28:02', NULL, NULL,1,0,'QB','QBNDIA',4,'ACTIVE');
INSERT INTO kbms_country (id, create_date, ip_address, update_date, user_id, version, code, name, region_id, status) VALUES (264, '2015-02-21 08:28:02', NULL, NULL,1,0,'RB','RBNDIA',4,'ACTIVE');
INSERT INTO kbms_country (id, create_date, ip_address, update_date, user_id, version, code, name, region_id, status) VALUES (265, '2015-02-21 08:28:02', NULL, NULL,1,0,'SB','SBNDIA',4,'ACTIVE');
INSERT INTO kbms_country (id, create_date, ip_address, update_date, user_id, version, code, name, region_id, status) VALUES (266, '2015-02-21 08:28:02', NULL, NULL,1,0,'TB','TBNDIA',4,'ACTIVE');
INSERT INTO kbms_country (id, create_date, ip_address, update_date, user_id, version, code, name, region_id, status) VALUES (267, '2015-02-21 08:28:02', NULL, NULL,1,0,'UB','UBNDIA',4,'ACTIVE');
INSERT INTO kbms_country (id, create_date, ip_address, update_date, user_id, version, code, name, region_id, status) VALUES (268, '2015-02-21 08:28:02', NULL, NULL,1,0,'WB','WBNDIA',4,'ACTIVE');
INSERT INTO kbms_country (id, create_date, ip_address, update_date, user_id, version, code, name, region_id, status) VALUES (269, '2015-02-21 08:28:02', NULL, NULL,1,0,'YB','YBNDIA',4,'ACTIVE');
INSERT INTO kbms_country (id, create_date, ip_address, update_date, user_id, version, code, name, region_id, status) VALUES (270, '2015-02-21 08:28:02', NULL, NULL,1,0,'ZB','ZBNDIA',4,'ACTIVE');
INSERT INTO kbms_country (id, create_date, ip_address, update_date, user_id, version, code, name, region_id, status) VALUES (271, '2015-02-21 08:28:02', NULL, NULL,1,0,'AC','ACNDIA',5,'ACTIVE');
INSERT INTO kbms_country (id, create_date, ip_address, update_date, user_id, version, code, name, region_id, status) VALUES (272, '2015-02-21 08:28:02', NULL, NULL,1,0,'BC','BCNDIA',5,'ACTIVE');
INSERT INTO kbms_country (id, create_date, ip_address, update_date, user_id, version, code, name, region_id, status) VALUES (273, '2015-02-21 08:28:02', NULL, NULL,1,0,'CC','CCNDIA',5,'ACTIVE');
INSERT INTO kbms_country (id, create_date, ip_address, update_date, user_id, version, code, name, region_id, status) VALUES (274, '2015-02-21 08:28:02', NULL, NULL,1,0,'DC','DCNDIA',5,'ACTIVE');
INSERT INTO kbms_country (id, create_date, ip_address, update_date, user_id, version, code, name, region_id, status) VALUES (275, '2015-02-21 08:28:02', NULL, NULL,1,0,'EC','ECNDIA',5,'ACTIVE');
INSERT INTO kbms_country (id, create_date, ip_address, update_date, user_id, version, code, name, region_id, status) VALUES (276, '2015-02-21 08:28:02', NULL, NULL,1,0,'FC','FCNDIA',5,'ACTIVE');
INSERT INTO kbms_country (id, create_date, ip_address, update_date, user_id, version, code, name, region_id, status) VALUES (277, '2015-02-21 08:28:02', NULL, NULL,1,0,'GC','GCNDIA',5,'ACTIVE');
INSERT INTO kbms_country (id, create_date, ip_address, update_date, user_id, version, code, name, region_id, status) VALUES (278, '2015-02-21 08:28:02', NULL, NULL,1,0,'HC','HCNDIA',5,'ACTIVE');
INSERT INTO kbms_country (id, create_date, ip_address, update_date, user_id, version, code, name, region_id, status) VALUES (279, '2015-02-21 08:28:02', NULL, NULL,1,0,'IC','ICNDIA',5,'ACTIVE');
INSERT INTO kbms_country (id, create_date, ip_address, update_date, user_id, version, code, name, region_id, status) VALUES (280, '2015-02-21 08:28:02', NULL, NULL,1,0,'JC','JCNDIA',5,'ACTIVE');
INSERT INTO kbms_country (id, create_date, ip_address, update_date, user_id, version, code, name, region_id, status) VALUES (281, '2015-02-21 08:28:02', NULL, NULL,1,0,'KC','KCNDIA',5,'ACTIVE');
INSERT INTO kbms_country (id, create_date, ip_address, update_date, user_id, version, code, name, region_id, status) VALUES (282, '2015-02-21 08:28:02', NULL, NULL,1,0,'LC','LCNDIA',5,'ACTIVE');
INSERT INTO kbms_country (id, create_date, ip_address, update_date, user_id, version, code, name, region_id, status) VALUES (283, '2015-02-21 08:28:02', NULL, NULL,1,0,'MC','MCNDIA',5,'ACTIVE');
INSERT INTO kbms_country (id, create_date, ip_address, update_date, user_id, version, code, name, region_id, status) VALUES (284, '2015-02-21 08:28:02', NULL, NULL,1,0,'NC','NCNDIA',5,'ACTIVE');
INSERT INTO kbms_country (id, create_date, ip_address, update_date, user_id, version, code, name, region_id, status) VALUES (285, '2015-02-21 08:28:02', NULL, NULL,1,0,'OC','OCNDIA',5,'ACTIVE');
INSERT INTO kbms_country (id, create_date, ip_address, update_date, user_id, version, code, name, region_id, status) VALUES (286, '2015-02-21 08:28:02', NULL, NULL,1,0,'PC','PCNDIA',5,'ACTIVE');
INSERT INTO kbms_country (id, create_date, ip_address, update_date, user_id, version, code, name, region_id, status) VALUES (287, '2015-02-21 08:28:02', NULL, NULL,1,0,'QC','QCNDIA',5,'ACTIVE');
INSERT INTO kbms_country (id, create_date, ip_address, update_date, user_id, version, code, name, region_id, status) VALUES (288, '2015-02-21 08:28:02', NULL, NULL,1,0,'RC','RCNDIA',5,'ACTIVE');
INSERT INTO kbms_country (id, create_date, ip_address, update_date, user_id, version, code, name, region_id, status) VALUES (289, '2015-02-21 08:28:02', NULL, NULL,1,0,'SC','SCNDIA',5,'ACTIVE');
INSERT INTO kbms_country (id, create_date, ip_address, update_date, user_id, version, code, name, region_id, status) VALUES (290, '2015-02-21 08:28:02', NULL, NULL,1,0,'TC','TCNDIA',5,'ACTIVE');
INSERT INTO kbms_country (id, create_date, ip_address, update_date, user_id, version, code, name, region_id, status) VALUES (291, '2015-02-21 08:28:02', NULL, NULL,1,0,'UC','UCNDIA',5,'ACTIVE');
INSERT INTO kbms_country (id, create_date, ip_address, update_date, user_id, version, code, name, region_id, status) VALUES (292, '2015-02-21 08:28:02', NULL, NULL,1,0,'WC','WCNDIA',5,'ACTIVE');
INSERT INTO kbms_country (id, create_date, ip_address, update_date, user_id, version, code, name, region_id, status) VALUES (293, '2015-02-21 08:28:02', NULL, NULL,1,0,'YC','YCNDIA',5,'ACTIVE');
INSERT INTO kbms_country (id, create_date, ip_address, update_date, user_id, version, code, name, region_id, status) VALUES (294, '2015-02-21 08:28:02', NULL, NULL,1,0,'ZC','ZCNDIA',5,'ACTIVE');
INSERT INTO kbms_country (id, create_date, ip_address, update_date, user_id, version, code, name, region_id, status) VALUES (295, '2015-02-21 08:28:02', NULL, NULL,1,0,'AD','ADNDIA',6,'ACTIVE');
INSERT INTO kbms_country (id, create_date, ip_address, update_date, user_id, version, code, name, region_id, status) VALUES (296, '2015-02-21 08:28:02', NULL, NULL,1,0,'BD','BDNDIA',6,'ACTIVE');
INSERT INTO kbms_country (id, create_date, ip_address, update_date, user_id, version, code, name, region_id, status) VALUES (297, '2015-02-21 08:28:02', NULL, NULL,1,0,'CD','CDNDIA',6,'ACTIVE');
INSERT INTO kbms_country (id, create_date, ip_address, update_date, user_id, version, code, name, region_id, status) VALUES (298, '2015-02-21 08:28:02', NULL, NULL,1,0,'DD','DDNDIA',6,'ACTIVE');
INSERT INTO kbms_country (id, create_date, ip_address, update_date, user_id, version, code, name, region_id, status) VALUES (299, '2015-02-21 08:28:02', NULL, NULL,1,0,'ED','EDNDIA',6,'ACTIVE');
INSERT INTO kbms_country (id, create_date, ip_address, update_date, user_id, version, code, name, region_id, status) VALUES (300, '2015-02-21 08:28:02', NULL, NULL,1,0,'FD','FDNDIA',6,'ACTIVE');
INSERT INTO kbms_country (id, create_date, ip_address, update_date, user_id, version, code, name, region_id, status) VALUES (301, '2015-02-21 08:28:02', NULL, NULL,1,0,'GD','GDNDIA',6,'ACTIVE');
INSERT INTO kbms_country (id, create_date, ip_address, update_date, user_id, version, code, name, region_id, status) VALUES (302, '2015-02-21 08:28:02', NULL, NULL,1,0,'HD','HDNDIA',6,'ACTIVE');
INSERT INTO kbms_country (id, create_date, ip_address, update_date, user_id, version, code, name, region_id, status) VALUES (303, '2015-02-21 08:28:02', NULL, NULL,1,0,'ID','IDNDIA',6,'ACTIVE');
INSERT INTO kbms_country (id, create_date, ip_address, update_date, user_id, version, code, name, region_id, status) VALUES (304, '2015-02-21 08:28:02', NULL, NULL,1,0,'JD','JDNDIA',6,'ACTIVE');
INSERT INTO kbms_country (id, create_date, ip_address, update_date, user_id, version, code, name, region_id, status) VALUES (305, '2015-02-21 08:28:02', NULL, NULL,1,0,'KD','KDNDIA',6,'ACTIVE');
INSERT INTO kbms_country (id, create_date, ip_address, update_date, user_id, version, code, name, region_id, status) VALUES (306, '2015-02-21 08:28:02', NULL, NULL,1,0,'LD','LDNDIA',6,'ACTIVE');
INSERT INTO kbms_country (id, create_date, ip_address, update_date, user_id, version, code, name, region_id, status) VALUES (307, '2015-02-21 08:28:02', NULL, NULL,1,0,'MD','MDNDIA',6,'ACTIVE');
INSERT INTO kbms_country (id, create_date, ip_address, update_date, user_id, version, code, name, region_id, status) VALUES (308, '2015-02-21 08:28:02', NULL, NULL,1,0,'ND','NDNDIA',6,'ACTIVE');
INSERT INTO kbms_country (id, create_date, ip_address, update_date, user_id, version, code, name, region_id, status) VALUES (309, '2015-02-21 08:28:02', NULL, NULL,1,0,'OD','ODNDIA',6,'ACTIVE');
INSERT INTO kbms_country (id, create_date, ip_address, update_date, user_id, version, code, name, region_id, status) VALUES (310, '2015-02-21 08:28:02', NULL, NULL,1,0,'PD','PDNDIA',6,'ACTIVE');
INSERT INTO kbms_country (id, create_date, ip_address, update_date, user_id, version, code, name, region_id, status) VALUES (311, '2015-02-21 08:28:02', NULL, NULL,1,0,'QD','QDNDIA',6,'ACTIVE');
INSERT INTO kbms_country (id, create_date, ip_address, update_date, user_id, version, code, name, region_id, status) VALUES (312, '2015-02-21 08:28:02', NULL, NULL,1,0,'RD','RDNDIA',6,'ACTIVE');
INSERT INTO kbms_country (id, create_date, ip_address, update_date, user_id, version, code, name, region_id, status) VALUES (313, '2015-02-21 08:28:02', NULL, NULL,1,0,'SD','SDNDIA',6,'ACTIVE');
INSERT INTO kbms_country (id, create_date, ip_address, update_date, user_id, version, code, name, region_id, status) VALUES (314, '2015-02-21 08:28:02', NULL, NULL,1,0,'TD','TDNDIA',6,'ACTIVE');
INSERT INTO kbms_country (id, create_date, ip_address, update_date, user_id, version, code, name, region_id, status) VALUES (315, '2015-02-21 08:28:02', NULL, NULL,1,0,'UD','UDNDIA',6,'ACTIVE');
INSERT INTO kbms_country (id, create_date, ip_address, update_date, user_id, version, code, name, region_id, status) VALUES (316, '2015-02-21 08:28:02', NULL, NULL,1,0,'WD','WDNDIA',6,'ACTIVE');
INSERT INTO kbms_country (id, create_date, ip_address, update_date, user_id, version, code, name, region_id, status) VALUES (317, '2015-02-21 08:28:02', NULL, NULL,1,0,'YD','YDNDIA',6,'ACTIVE');
INSERT INTO kbms_country (id, create_date, ip_address, update_date, user_id, version, code, name, region_id, status) VALUES (318, '2015-02-21 08:28:02', NULL, NULL,1,0,'ZD','ZDNDIA',6,'ACTIVE');
INSERT INTO kbms_country (id, create_date, ip_address, update_date, user_id, version, code, name, region_id, status) VALUES (319, '2015-02-21 08:28:02', NULL, NULL,1,0,'AE','AENDIA',7,'ACTIVE');
INSERT INTO kbms_country (id, create_date, ip_address, update_date, user_id, version, code, name, region_id, status) VALUES (320, '2015-02-21 08:28:02', NULL, NULL,1,0,'BE','BENDIA',7,'ACTIVE');
INSERT INTO kbms_country (id, create_date, ip_address, update_date, user_id, version, code, name, region_id, status) VALUES (321, '2015-02-21 08:28:02', NULL, NULL,1,0,'CE','CENDIA',7,'ACTIVE');
INSERT INTO kbms_country (id, create_date, ip_address, update_date, user_id, version, code, name, region_id, status) VALUES (323, '2015-02-21 08:28:25', NULL, NULL,1,0,'EE','EENDIA',7,'ACTIVE');
INSERT INTO kbms_country (id, create_date, ip_address, update_date, user_id, version, code, name, region_id, status) VALUES (324, '2015-02-21 08:28:25', NULL, NULL,1,0,'FE','FENDIA',7,'ACTIVE');
INSERT INTO kbms_country (id, create_date, ip_address, update_date, user_id, version, code, name, region_id, status) VALUES (325, '2015-02-21 08:28:25', NULL, NULL,1,0,'GE','GENDIA',7,'ACTIVE');
INSERT INTO kbms_country (id, create_date, ip_address, update_date, user_id, version, code, name, region_id, status) VALUES (326, '2015-02-21 08:28:25', NULL, NULL,1,0,'HE','HENDIA',7,'ACTIVE');
INSERT INTO kbms_country (id, create_date, ip_address, update_date, user_id, version, code, name, region_id, status) VALUES (327, '2015-02-21 08:28:25', NULL, NULL,1,0,'IE','IENDIA',7,'ACTIVE');
INSERT INTO kbms_country (id, create_date, ip_address, update_date, user_id, version, code, name, region_id, status) VALUES (328, '2015-02-21 08:28:25', NULL, NULL,1,0,'JE','JENDIA',7,'ACTIVE');
INSERT INTO kbms_country (id, create_date, ip_address, update_date, user_id, version, code, name, region_id, status) VALUES (329, '2015-02-21 08:28:25', NULL, NULL,1,0,'KE','KENDIA',7,'ACTIVE');
INSERT INTO kbms_country (id, create_date, ip_address, update_date, user_id, version, code, name, region_id, status) VALUES (330, '2015-02-21 08:28:25', NULL, NULL,1,0,'LE','LENDIA',7,'ACTIVE');
INSERT INTO kbms_country (id, create_date, ip_address, update_date, user_id, version, code, name, region_id, status) VALUES (331, '2015-02-21 08:28:25', NULL, NULL,1,0,'ME','MENDIA',7,'ACTIVE');
INSERT INTO kbms_country (id, create_date, ip_address, update_date, user_id, version, code, name, region_id, status) VALUES (332, '2015-02-21 08:28:25', NULL, NULL,1,0,'NE','NENDIA',7,'ACTIVE');
INSERT INTO kbms_country (id, create_date, ip_address, update_date, user_id, version, code, name, region_id, status) VALUES (333, '2015-02-21 08:28:25', NULL, NULL,1,0,'OE','OENDIA',7,'ACTIVE');
INSERT INTO kbms_country (id, create_date, ip_address, update_date, user_id, version, code, name, region_id, status) VALUES (334, '2015-02-21 08:28:25', NULL, NULL,1,0,'PE','PENDIA',7,'ACTIVE');
INSERT INTO kbms_country (id, create_date, ip_address, update_date, user_id, version, code, name, region_id, status) VALUES (335, '2015-02-21 08:28:25', NULL, NULL,1,0,'QE','QENDIA',7,'ACTIVE');
INSERT INTO kbms_country (id, create_date, ip_address, update_date, user_id, version, code, name, region_id, status) VALUES (336, '2015-02-21 08:28:25', NULL, NULL,1,0,'RE','RENDIA',7,'ACTIVE');
INSERT INTO kbms_country (id, create_date, ip_address, update_date, user_id, version, code, name, region_id, status) VALUES (337, '2015-02-21 08:28:25', NULL, NULL,1,0,'SE','SENDIA',7,'ACTIVE');
INSERT INTO kbms_country (id, create_date, ip_address, update_date, user_id, version, code, name, region_id, status) VALUES (338, '2015-02-21 08:28:25', NULL, NULL,1,0,'TE','TENDIA',7,'ACTIVE');
INSERT INTO kbms_country (id, create_date, ip_address, update_date, user_id, version, code, name, region_id, status) VALUES (339, '2015-02-21 08:28:25', NULL, NULL,1,0,'UE','UENDIA',7,'ACTIVE');
INSERT INTO kbms_country (id, create_date, ip_address, update_date, user_id, version, code, name, region_id, status) VALUES (340, '2015-02-21 08:28:25', NULL, NULL,1,0,'WE','WENDIA',7,'ACTIVE');
INSERT INTO kbms_country (id, create_date, ip_address, update_date, user_id, version, code, name, region_id, status) VALUES (341, '2015-02-21 08:28:25', NULL, NULL,1,0,'YE','YENDIA',7,'ACTIVE');
INSERT INTO kbms_country (id, create_date, ip_address, update_date, user_id, version, code, name, region_id, status) VALUES (342, '2015-02-21 08:28:25', NULL, NULL,1,0,'ZE','ZENDIA',7,'ACTIVE');
INSERT INTO kbms_country (id, create_date, ip_address, update_date, user_id, version, code, name, region_id, status) VALUES (343, '2015-02-21 08:28:25', NULL, NULL,1,0,'AF','AFNDIA',8,'ACTIVE');
INSERT INTO kbms_country (id, create_date, ip_address, update_date, user_id, version, code, name, region_id, status) VALUES (344, '2015-02-21 08:28:25', NULL, NULL,1,0,'BF','BFNDIA',8,'ACTIVE');
INSERT INTO kbms_country (id, create_date, ip_address, update_date, user_id, version, code, name, region_id, status) VALUES (345, '2015-02-21 08:28:25', NULL, NULL,1,0,'CF','CFNDIA',8,'ACTIVE');
INSERT INTO kbms_country (id, create_date, ip_address, update_date, user_id, version, code, name, region_id, status) VALUES (346, '2015-02-21 08:28:25', NULL, NULL,1,0,'DF','DFNDIA',8,'ACTIVE');
INSERT INTO kbms_country (id, create_date, ip_address, update_date, user_id, version, code, name, region_id, status) VALUES (347, '2015-02-21 08:28:25', NULL, NULL,1,0,'EF','EFNDIA',8,'ACTIVE');
INSERT INTO kbms_country (id, create_date, ip_address, update_date, user_id, version, code, name, region_id, status) VALUES (348, '2015-02-21 08:28:25', NULL, NULL,1,0,'FF','FFNDIA',8,'ACTIVE');
INSERT INTO kbms_country (id, create_date, ip_address, update_date, user_id, version, code, name, region_id, status) VALUES (349, '2015-02-21 08:28:25', NULL, NULL,1,0,'GF','GFNDIA',8,'ACTIVE');
INSERT INTO kbms_country (id, create_date, ip_address, update_date, user_id, version, code, name, region_id, status) VALUES (350, '2015-02-21 08:28:25', NULL, NULL,1,0,'HF','HFNDIA',8,'ACTIVE');
INSERT INTO kbms_country (id, create_date, ip_address, update_date, user_id, version, code, name, region_id, status) VALUES (351, '2015-02-21 08:28:25', NULL, NULL,1,0,'IF','IFNDIA',8,'ACTIVE');
INSERT INTO kbms_country (id, create_date, ip_address, update_date, user_id, version, code, name, region_id, status) VALUES (352, '2015-02-21 08:28:25', NULL, NULL,1,0,'JF','JFNDIA',8,'ACTIVE');
INSERT INTO kbms_country (id, create_date, ip_address, update_date, user_id, version, code, name, region_id, status) VALUES (353, '2015-02-21 08:28:25', NULL, NULL,1,0,'KF','KFNDIA',8,'ACTIVE');
INSERT INTO kbms_country (id, create_date, ip_address, update_date, user_id, version, code, name, region_id, status) VALUES (354, '2015-02-21 08:28:25', NULL, NULL,1,0,'LF','LFNDIA',8,'ACTIVE');
INSERT INTO kbms_country (id, create_date, ip_address, update_date, user_id, version, code, name, region_id, status) VALUES (355, '2015-02-21 08:28:25', NULL, NULL,1,0,'MF','MFNDIA',8,'ACTIVE');
INSERT INTO kbms_country (id, create_date, ip_address, update_date, user_id, version, code, name, region_id, status) VALUES (356, '2015-02-21 08:28:25', NULL, NULL,1,0,'NF','NFNDIA',8,'ACTIVE');
INSERT INTO kbms_country (id, create_date, ip_address, update_date, user_id, version, code, name, region_id, status) VALUES (357, '2015-02-21 08:28:25', NULL, NULL,1,0,'OF','OFNDIA',8,'ACTIVE');
INSERT INTO kbms_country (id, create_date, ip_address, update_date, user_id, version, code, name, region_id, status) VALUES (358, '2015-02-21 08:28:25', NULL, NULL,1,0,'PF','PFNDIA',8,'ACTIVE');
INSERT INTO kbms_country (id, create_date, ip_address, update_date, user_id, version, code, name, region_id, status) VALUES (359, '2015-02-21 08:28:25', NULL, NULL,1,0,'QF','QFNDIA',8,'ACTIVE');
INSERT INTO kbms_country (id, create_date, ip_address, update_date, user_id, version, code, name, region_id, status) VALUES (360, '2015-02-21 08:28:25', NULL, NULL,1,0,'RF','RFNDIA',8,'ACTIVE');
INSERT INTO kbms_country (id, create_date, ip_address, update_date, user_id, version, code, name, region_id, status) VALUES (361, '2015-02-21 08:28:25', NULL, NULL,1,0,'SF','SFNDIA',8,'ACTIVE');
INSERT INTO kbms_country (id, create_date, ip_address, update_date, user_id, version, code, name, region_id, status) VALUES (362, '2015-02-21 08:28:25', NULL, NULL,1,0,'TF','TFNDIA',8,'ACTIVE');
INSERT INTO kbms_country (id, create_date, ip_address, update_date, user_id, version, code, name, region_id, status) VALUES (363, '2015-02-21 08:28:25', NULL, NULL,1,0,'UF','UFNDIA',8,'ACTIVE');
INSERT INTO kbms_country (id, create_date, ip_address, update_date, user_id, version, code, name, region_id, status) VALUES (364, '2015-02-21 08:28:25', NULL, NULL,1,0,'WF','WFNDIA',8,'ACTIVE');
INSERT INTO kbms_country (id, create_date, ip_address, update_date, user_id, version, code, name, region_id, status) VALUES (365, '2015-02-21 08:28:25', NULL, NULL,1,0,'YF','YFNDIA',8,'ACTIVE');
INSERT INTO kbms_country (id, create_date, ip_address, update_date, user_id, version, code, name, region_id, status) VALUES (366, '2015-02-21 08:28:25', NULL, NULL,1,0,'ZF','ZFNDIA',8,'ACTIVE');
INSERT INTO kbms_country (id, create_date, ip_address, update_date, user_id, version, code, name, region_id, status) VALUES (367, '2015-02-21 08:28:25', NULL, NULL,1,0,'AG','AGNDIA',9,'ACTIVE');
INSERT INTO kbms_country (id, create_date, ip_address, update_date, user_id, version, code, name, region_id, status) VALUES (368, '2015-02-21 08:28:25', NULL, NULL,1,0,'BG','BGNDIA',9,'ACTIVE');
INSERT INTO kbms_country (id, create_date, ip_address, update_date, user_id, version, code, name, region_id, status) VALUES (369, '2015-02-21 08:28:25', NULL, NULL,1,0,'CG','CGNDIA',9,'ACTIVE');
INSERT INTO kbms_country (id, create_date, ip_address, update_date, user_id, version, code, name, region_id, status) VALUES (370, '2015-02-21 08:28:25', NULL, NULL,1,0,'DG','DGNDIA',9,'ACTIVE');
INSERT INTO kbms_country (id, create_date, ip_address, update_date, user_id, version, code, name, region_id, status) VALUES (371, '2015-02-21 08:28:25', NULL, NULL,1,0,'EG','EGNDIA',9,'ACTIVE');
INSERT INTO kbms_country (id, create_date, ip_address, update_date, user_id, version, code, name, region_id, status) VALUES (372, '2015-02-21 08:28:25', NULL, NULL,1,0,'FG','FGNDIA',9,'ACTIVE');
INSERT INTO kbms_country (id, create_date, ip_address, update_date, user_id, version, code, name, region_id, status) VALUES (373, '2015-02-21 08:28:25', NULL, NULL,1,0,'GG','GGNDIA',9,'ACTIVE');
INSERT INTO kbms_country (id, create_date, ip_address, update_date, user_id, version, code, name, region_id, status) VALUES (374, '2015-02-21 08:28:25', NULL, NULL,1,0,'HG','HGNDIA',9,'ACTIVE');
INSERT INTO kbms_country (id, create_date, ip_address, update_date, user_id, version, code, name, region_id, status) VALUES (375, '2015-02-21 08:28:25', NULL, NULL,1,0,'IG','IGNDIA',9,'ACTIVE');
INSERT INTO kbms_country (id, create_date, ip_address, update_date, user_id, version, code, name, region_id, status) VALUES (376, '2015-02-21 08:28:25', NULL, NULL,1,0,'JG','JGNDIA',9,'ACTIVE');
INSERT INTO kbms_country (id, create_date, ip_address, update_date, user_id, version, code, name, region_id, status) VALUES (377, '2015-02-21 08:28:25', NULL, NULL,1,0,'KG','KGNDIA',9,'ACTIVE');
INSERT INTO kbms_country (id, create_date, ip_address, update_date, user_id, version, code, name, region_id, status) VALUES (378, '2015-02-21 08:28:25', NULL, NULL,1,0,'LG','LGNDIA',9,'ACTIVE');
INSERT INTO kbms_country (id, create_date, ip_address, update_date, user_id, version, code, name, region_id, status) VALUES (379, '2015-02-21 08:28:25', NULL, NULL,1,0,'MG','MGNDIA',9,'ACTIVE');
INSERT INTO kbms_country (id, create_date, ip_address, update_date, user_id, version, code, name, region_id, status) VALUES (380, '2015-02-21 08:28:25', NULL, NULL,1,0,'NG','NGNDIA',9,'ACTIVE');
INSERT INTO kbms_country (id, create_date, ip_address, update_date, user_id, version, code, name, region_id, status) VALUES (381, '2015-02-21 08:28:25', NULL, NULL,1,0,'OG','OGNDIA',9,'ACTIVE');
INSERT INTO kbms_country (id, create_date, ip_address, update_date, user_id, version, code, name, region_id, status) VALUES (382, '2015-02-21 08:28:25', NULL, NULL,1,0,'PG','PGNDIA',9,'ACTIVE');
INSERT INTO kbms_country (id, create_date, ip_address, update_date, user_id, version, code, name, region_id, status) VALUES (383, '2015-02-21 08:28:25', NULL, NULL,1,0,'QG','QGNDIA',9,'ACTIVE');
INSERT INTO kbms_country (id, create_date, ip_address, update_date, user_id, version, code, name, region_id, status) VALUES (384, '2015-02-21 08:28:25', NULL, NULL,1,0,'RG','RGNDIA',9,'ACTIVE');
INSERT INTO kbms_country (id, create_date, ip_address, update_date, user_id, version, code, name, region_id, status) VALUES (385, '2015-02-21 08:28:25', NULL, NULL,1,0,'SG','SGNDIA',9,'ACTIVE');
INSERT INTO kbms_country (id, create_date, ip_address, update_date, user_id, version, code, name, region_id, status) VALUES (386, '2015-02-21 08:28:25', NULL, NULL,1,0,'TG','TGNDIA',9,'ACTIVE');
INSERT INTO kbms_country (id, create_date, ip_address, update_date, user_id, version, code, name, region_id, status) VALUES (387, '2015-02-21 08:28:25', NULL, NULL,1,0,'UG','UGNDIA',9,'ACTIVE');
INSERT INTO kbms_country (id, create_date, ip_address, update_date, user_id, version, code, name, region_id, status) VALUES (388, '2015-02-21 08:28:25', NULL, NULL,1,0,'WG','WGNDIA',9,'ACTIVE');
INSERT INTO kbms_country (id, create_date, ip_address, update_date, user_id, version, code, name, region_id, status) VALUES (389, '2015-02-21 08:28:25', NULL, NULL,1,0,'YG','YGNDIA',9,'ACTIVE');
INSERT INTO kbms_country (id, create_date, ip_address, update_date, user_id, version, code, name, region_id, status) VALUES (390, '2015-02-21 08:28:25', NULL, NULL,1,0,'ZG','ZGNDIA',9,'ACTIVE');
INSERT INTO kbms_country (id, create_date, ip_address, update_date, user_id, version, code, name, region_id, status) VALUES (391, '2015-02-21 08:28:25', NULL, NULL,1,0,'AH','AHNDIA',10,'ACTIVE');
INSERT INTO kbms_country (id, create_date, ip_address, update_date, user_id, version, code, name, region_id, status) VALUES (392, '2015-02-21 08:28:25', NULL, NULL,1,0,'BH','BHNDIA',10,'ACTIVE');
INSERT INTO kbms_country (id, create_date, ip_address, update_date, user_id, version, code, name, region_id, status) VALUES (393, '2015-02-21 08:28:25', NULL, NULL,1,0,'CH','CHNDIA',10,'ACTIVE');
INSERT INTO kbms_country (id, create_date, ip_address, update_date, user_id, version, code, name, region_id, status) VALUES (394, '2015-02-21 08:28:25', NULL, NULL,1,0,'DH','DHNDIA',10,'ACTIVE');
INSERT INTO kbms_country (id, create_date, ip_address, update_date, user_id, version, code, name, region_id, status) VALUES (395, '2015-02-21 08:28:25', NULL, NULL,1,0,'EH','EHNDIA',10,'ACTIVE');
INSERT INTO kbms_country (id, create_date, ip_address, update_date, user_id, version, code, name, region_id, status) VALUES (396, '2015-02-21 08:28:25', NULL, NULL,1,0,'FH','FHNDIA',10,'ACTIVE');
INSERT INTO kbms_country (id, create_date, ip_address, update_date, user_id, version, code, name, region_id, status) VALUES (397, '2015-02-21 08:28:25', NULL, NULL,1,0,'GH','GHNDIA',10,'ACTIVE');
INSERT INTO kbms_country (id, create_date, ip_address, update_date, user_id, version, code, name, region_id, status) VALUES (398, '2015-02-21 08:28:25', NULL, NULL,1,0,'HH','HHNDIA',10,'ACTIVE');
INSERT INTO kbms_country (id, create_date, ip_address, update_date, user_id, version, code, name, region_id, status) VALUES (399, '2015-02-21 08:28:25', NULL, NULL,1,0,'IH','IHNDIA',10,'ACTIVE');
INSERT INTO kbms_country (id, create_date, ip_address, update_date, user_id, version, code, name, region_id, status) VALUES (400, '2015-02-21 08:28:25', NULL, NULL,1,0,'JH','JHNDIA',10,'ACTIVE');
INSERT INTO kbms_country (id, create_date, ip_address, update_date, user_id, version, code, name, region_id, status) VALUES (401, '2015-02-21 08:28:25', NULL, NULL,1,0,'KH','KHNDIA',10,'ACTIVE');
INSERT INTO kbms_country (id, create_date, ip_address, update_date, user_id, version, code, name, region_id, status) VALUES (402, '2015-02-21 08:28:25', NULL, NULL,1,0,'LH','LHNDIA',10,'ACTIVE');
INSERT INTO kbms_country (id, create_date, ip_address, update_date, user_id, version, code, name, region_id, status) VALUES (403, '2015-02-21 08:28:25', NULL, NULL,1,0,'MH','MHNDIA',10,'ACTIVE');
INSERT INTO kbms_country (id, create_date, ip_address, update_date, user_id, version, code, name, region_id, status) VALUES (404, '2015-02-21 08:28:25', NULL, NULL,1,0,'NH','NHNDIA',10,'ACTIVE');
INSERT INTO kbms_country (id, create_date, ip_address, update_date, user_id, version, code, name, region_id, status) VALUES (405, '2015-02-21 08:28:25', NULL, NULL,1,0,'OH','OHNDIA',10,'ACTIVE');
INSERT INTO kbms_country (id, create_date, ip_address, update_date, user_id, version, code, name, region_id, status) VALUES (406, '2015-02-21 08:28:26', NULL, NULL,1,0,'PH','PHNDIA',10,'ACTIVE');
INSERT INTO kbms_country (id, create_date, ip_address, update_date, user_id, version, code, name, region_id, status) VALUES (407, '2015-02-21 08:28:26', NULL, NULL,1,0,'QH','QHNDIA',10,'ACTIVE');
INSERT INTO kbms_country (id, create_date, ip_address, update_date, user_id, version, code, name, region_id, status) VALUES (408, '2015-02-21 08:28:26', NULL, NULL,1,0,'RH','RHNDIA',10,'ACTIVE');
INSERT INTO kbms_country (id, create_date, ip_address, update_date, user_id, version, code, name, region_id, status) VALUES (409, '2015-02-21 08:28:26', NULL, NULL,1,0,'SH','SHNDIA',10,'ACTIVE');
INSERT INTO kbms_country (id, create_date, ip_address, update_date, user_id, version, code, name, region_id, status) VALUES (410, '2015-02-21 08:28:26', NULL, NULL,1,0,'TH','THNDIA',10,'ACTIVE');
INSERT INTO kbms_country (id, create_date, ip_address, update_date, user_id, version, code, name, region_id, status) VALUES (411, '2015-02-21 08:28:26', NULL, NULL,1,0,'UH','UHNDIA',10,'ACTIVE');
INSERT INTO kbms_country (id, create_date, ip_address, update_date, user_id, version, code, name, region_id, status) VALUES (412, '2015-02-21 08:28:26', NULL, NULL,1,0,'WH','WHNDIA',10,'ACTIVE');
INSERT INTO kbms_country (id, create_date, ip_address, update_date, user_id, version, code, name, region_id, status) VALUES (413, '2015-02-21 08:28:26', NULL, NULL,1,0,'YH','YHNDIA',10,'ACTIVE');
INSERT INTO kbms_country (id, create_date, ip_address, update_date, user_id, version, code, name, region_id, status) VALUES (414, '2015-02-21 08:28:26', NULL, NULL,1,0,'ZH','ZHNDIA',10,'ACTIVE');
INSERT INTO kbms_country (id, create_date, ip_address, update_date, user_id, version, code, name, region_id, status) VALUES (415, '2015-02-21 08:28:26', NULL, NULL,1,0,'AI','AINDIA',10,'ACTIVE');
INSERT INTO kbms_country (id, create_date, ip_address, update_date, user_id, version, code, name, region_id, status) VALUES (416, '2015-02-21 08:28:26', NULL, NULL,1,0,'BI','BINDIA',10,'ACTIVE');
INSERT INTO kbms_country (id, create_date, ip_address, update_date, user_id, version, code, name, region_id, status) VALUES (417, '2015-02-21 08:28:26', NULL, NULL,1,0,'CI','CINDIA',10,'ACTIVE');
INSERT INTO kbms_country (id, create_date, ip_address, update_date, user_id, version, code, name, region_id, status) VALUES (418, '2015-02-21 08:28:26', NULL, NULL,1,0,'DI','DINDIA',10,'ACTIVE');
INSERT INTO kbms_country (id, create_date, ip_address, update_date, user_id, version, code, name, region_id, status) VALUES (419, '2015-02-21 08:28:26', NULL, NULL,1,0,'EI','EINDIA',10,'ACTIVE');
INSERT INTO kbms_country (id, create_date, ip_address, update_date, user_id, version, code, name, region_id, status) VALUES (420, '2015-02-21 08:28:26', NULL, NULL,1,0,'FI','FINDIA',10,'ACTIVE');
INSERT INTO kbms_country (id, create_date, ip_address, update_date, user_id, version, code, name, region_id, status) VALUES (421, '2015-02-21 08:28:26', NULL, NULL,1,0,'GI','GINDIA',10,'ACTIVE');
INSERT INTO kbms_country (id, create_date, ip_address, update_date, user_id, version, code, name, region_id, status) VALUES (422, '2015-02-21 08:28:26', NULL, NULL,1,0,'HI','HINDIA',10,'ACTIVE');
INSERT INTO kbms_country (id, create_date, ip_address, update_date, user_id, version, code, name, region_id, status) VALUES (423, '2015-02-21 08:28:26', NULL, NULL,1,0,'II','IINDIA',10,'ACTIVE');
INSERT INTO kbms_country (id, create_date, ip_address, update_date, user_id, version, code, name, region_id, status) VALUES (424, '2015-02-21 08:28:26', NULL, NULL,1,0,'JI','JINDIA',10,'ACTIVE');
INSERT INTO kbms_country (id, create_date, ip_address, update_date, user_id, version, code, name, region_id, status) VALUES (425, '2015-02-21 08:28:26', NULL, NULL,1,0,'KI','KINDIA',10,'ACTIVE');
INSERT INTO kbms_country (id, create_date, ip_address, update_date, user_id, version, code, name, region_id, status) VALUES (426, '2015-02-21 08:28:26', NULL, NULL,1,0,'LI','LINDIA',10,'ACTIVE');
INSERT INTO kbms_country (id, create_date, ip_address, update_date, user_id, version, code, name, region_id, status) VALUES (427, '2015-02-21 08:28:26', NULL, NULL,1,0,'MI','MINDIA',10,'ACTIVE');
INSERT INTO kbms_country (id, create_date, ip_address, update_date, user_id, version, code, name, region_id, status) VALUES (428, '2015-02-21 08:28:26', NULL, NULL,1,0,'NI','NINDIA',10,'ACTIVE');
INSERT INTO kbms_country (id, create_date, ip_address, update_date, user_id, version, code, name, region_id, status) VALUES (429, '2015-02-21 08:28:26', NULL, NULL,1,0,'OI','OINDIA',10,'ACTIVE');
INSERT INTO kbms_country (id, create_date, ip_address, update_date, user_id, version, code, name, region_id, status) VALUES (430, '2015-02-21 08:28:26', NULL, NULL,1,0,'PI','PINDIA',10,'ACTIVE');
INSERT INTO kbms_country (id, create_date, ip_address, update_date, user_id, version, code, name, region_id, status) VALUES (431, '2015-02-21 08:28:26', NULL, NULL,1,0,'QI','QINDIA',10,'ACTIVE');
INSERT INTO kbms_country (id, create_date, ip_address, update_date, user_id, version, code, name, region_id, status) VALUES (432, '2015-02-21 08:28:26', NULL, NULL,1,0,'RI','RINDIA',10,'ACTIVE');
INSERT INTO kbms_country (id, create_date, ip_address, update_date, user_id, version, code, name, region_id, status) VALUES (433, '2015-02-21 08:28:26', NULL, NULL,1,0,'SI','SINDIA',10,'ACTIVE');
INSERT INTO kbms_country (id, create_date, ip_address, update_date, user_id, version, code, name, region_id, status) VALUES (434, '2015-02-21 08:28:26', NULL, NULL,1,0,'TI','TINDIA',10,'ACTIVE');




--City data
INSERT INTO kbms_city (id, create_date, ip_address, update_date, user_id, version, code, name, country_id, state_id, status ) VALUES (4, '2015-02-23 17:37:11', 'localhost',NULL,1,0,'AAA','AAAANDIA',214,NULL,'ACTIVE');
INSERT INTO kbms_city (id, create_date, ip_address, update_date, user_id, version, code, name, country_id, state_id, status ) VALUES (5, '2015-02-23 17:37:11', 'localhost',NULL,1,0,'BAA','BAAANDIA',214,NULL,'ACTIVE');
INSERT INTO kbms_city (id, create_date, ip_address, update_date, user_id, version, code, name, country_id, state_id, status ) VALUES (6, '2015-02-23 17:37:12', 'localhost',NULL,1,0,'ANK','ANKARA',214,NULL,'ACTIVE');
INSERT INTO kbms_city (id, create_date, ip_address, update_date, user_id, version, code, name, country_id, state_id, status ) VALUES (7, '2015-02-23 17:37:12', 'localhost',NULL,1,0,'DAA','DAAANDIA',214,NULL,'ACTIVE');
INSERT INTO kbms_city (id, create_date, ip_address, update_date, user_id, version, code, name, country_id, state_id, status ) VALUES (8, '2015-02-23 17:37:12', 'localhost',NULL,1,0,'EAA','EAAANDIA',214,NULL,'ACTIVE');
INSERT INTO kbms_city (id, create_date, ip_address, update_date, user_id, version, code, name, country_id, state_id, status ) VALUES (9, '2015-02-23 17:37:12', 'localhost',NULL,1,0,'FAA','FAAANDIA',214,NULL,'ACTIVE');
INSERT INTO kbms_city (id, create_date, ip_address, update_date, user_id, version, code, name, country_id, state_id, status ) VALUES (10, '2015-02-23 17:37:12', 'localhost',NULL,1,0,'GAA','GAAANDIA',214,NULL,'ACTIVE');
INSERT INTO kbms_city (id, create_date, ip_address, update_date, user_id, version, code, name, country_id, state_id, status ) VALUES (11, '2015-02-23 17:37:12', 'localhost',NULL,1,0,'HAA','HAAANDIA',214,NULL,'ACTIVE');
INSERT INTO kbms_city (id, create_date, ip_address, update_date, user_id, version, code, name, country_id, state_id, status ) VALUES (12, '2015-02-23 17:37:12', 'localhost',NULL,1,0,'IAA','IAAANDIA',214,NULL,'ACTIVE');
INSERT INTO kbms_city (id, create_date, ip_address, update_date, user_id, version, code, name, country_id, state_id, status ) VALUES (13, '2015-02-23 17:37:12', 'localhost',NULL,1,0,'JAA','JAAANDIA',214,NULL,'ACTIVE');
INSERT INTO kbms_city (id, create_date, ip_address, update_date, user_id, version, code, name, country_id, state_id, status ) VALUES (14, '2015-02-23 17:37:12', 'localhost',NULL,1,0,'KAA','KAAANDIA',214,NULL,'ACTIVE');
INSERT INTO kbms_city (id, create_date, ip_address, update_date, user_id, version, code, name, country_id, state_id, status ) VALUES (15, '2015-02-23 17:37:12', 'localhost',NULL,1,0,'LAA','LAAANDIA',214,NULL,'ACTIVE');
INSERT INTO kbms_city (id, create_date, ip_address, update_date, user_id, version, code, name, country_id, state_id, status ) VALUES (16, '2015-02-23 17:37:12', 'localhost',NULL,1,0,'MAA','MAAANDIA',214,NULL,'ACTIVE');
INSERT INTO kbms_city (id, create_date, ip_address, update_date, user_id, version, code, name, country_id, state_id, status ) VALUES (17, '2015-02-23 17:37:12', 'localhost',NULL,1,0,'NAA','NAAANDIA',214,NULL,'ACTIVE');
INSERT INTO kbms_city (id, create_date, ip_address, update_date, user_id, version, code, name, country_id, state_id, status ) VALUES (18, '2015-02-23 17:37:12', 'localhost',NULL,1,0,'OAA','OAAANDIA',214,NULL,'ACTIVE');
INSERT INTO kbms_city (id, create_date, ip_address, update_date, user_id, version, code, name, country_id, state_id, status ) VALUES (19, '2015-02-23 17:37:12', 'localhost',NULL,1,0,'PAA','PAAANDIA',214,NULL,'ACTIVE');
INSERT INTO kbms_city (id, create_date, ip_address, update_date, user_id, version, code, name, country_id, state_id, status ) VALUES (20, '2015-02-23 17:37:12', 'localhost',NULL,1,0,'QAA','QAAANDIA',214,NULL,'ACTIVE');
INSERT INTO kbms_city (id, create_date, ip_address, update_date, user_id, version, code, name, country_id, state_id, status ) VALUES (21, '2015-02-23 17:37:12', 'localhost',NULL,1,0,'RAA','RAAANDIA',214,NULL,'ACTIVE');
INSERT INTO kbms_city (id, create_date, ip_address, update_date, user_id, version, code, name, country_id, state_id, status ) VALUES (22, '2015-02-23 17:37:12', 'localhost',NULL,1,0,'SAA','SAAANDIA',214,NULL,'ACTIVE');
INSERT INTO kbms_city (id, create_date, ip_address, update_date, user_id, version, code, name, country_id, state_id, status ) VALUES (23, '2015-02-23 17:37:12', 'localhost',NULL,1,0,'TAA','TAAANDIA',214,NULL,'ACTIVE');
INSERT INTO kbms_city (id, create_date, ip_address, update_date, user_id, version, code, name, country_id, state_id, status ) VALUES (24, '2015-02-23 17:37:12', 'localhost',NULL,1,0,'UAA','UAAANDIA',214,NULL,'ACTIVE');
INSERT INTO kbms_city (id, create_date, ip_address, update_date, user_id, version, code, name, country_id, state_id, status ) VALUES (25, '2015-02-23 17:37:12', 'localhost',NULL,1,0,'WAA','WAAANDIA',214,NULL,'ACTIVE');
INSERT INTO kbms_city (id, create_date, ip_address, update_date, user_id, version, code, name, country_id, state_id, status ) VALUES (26, '2015-02-23 17:37:12', 'localhost',NULL,1,0,'YAA','YAAANDIA',214,NULL,'ACTIVE');
INSERT INTO kbms_city (id, create_date, ip_address, update_date, user_id, version, code, name, country_id, state_id, status ) VALUES (27, '2015-02-23 17:37:12', 'localhost',NULL,1,0,'ZAA','ZAAANDIA',214,NULL,'ACTIVE');
INSERT INTO kbms_city (id, create_date, ip_address, update_date, user_id, version, code, name, country_id, state_id, status ) VALUES (28, '2015-02-23 17:37:12', 'localhost',NULL,1,0,'ABB','ABBBNDIA',215,NULL,'ACTIVE');
INSERT INTO kbms_city (id, create_date, ip_address, update_date, user_id, version, code, name, country_id, state_id, status ) VALUES (29, '2015-02-23 17:37:12', 'localhost',NULL,1,0,'BBB','BBBBNDIA',215,NULL,'ACTIVE');
INSERT INTO kbms_city (id, create_date, ip_address, update_date, user_id, version, code, name, country_id, state_id, status ) VALUES (30, '2015-02-23 17:37:12', 'localhost',NULL,1,0,'CBB','CBBBNDIA',215,NULL,'ACTIVE');
INSERT INTO kbms_city (id, create_date, ip_address, update_date, user_id, version, code, name, country_id, state_id, status ) VALUES (31, '2015-02-23 17:37:12', 'localhost',NULL,1,0,'DBB','DBBBNDIA',215,NULL,'ACTIVE');
INSERT INTO kbms_city (id, create_date, ip_address, update_date, user_id, version, code, name, country_id, state_id, status ) VALUES (32, '2015-02-23 17:37:12', 'localhost',NULL,1,0,'EBB','EBBBNDIA',215,NULL,'ACTIVE');
INSERT INTO kbms_city (id, create_date, ip_address, update_date, user_id, version, code, name, country_id, state_id, status ) VALUES (33, '2015-02-23 17:37:12', 'localhost',NULL,1,0,'FBB','FBBBNDIA',215,NULL,'ACTIVE');
INSERT INTO kbms_city (id, create_date, ip_address, update_date, user_id, version, code, name, country_id, state_id, status ) VALUES (34, '2015-02-23 17:37:12', 'localhost',NULL,1,0,'IST','ISTANBUL',214,NULL,'ACTIVE');
INSERT INTO kbms_city (id, create_date, ip_address, update_date, user_id, version, code, name, country_id, state_id, status ) VALUES (35, '2015-02-23 17:37:12', 'localhost',NULL,1,0,'HBB','HBBBNDIA',215,NULL,'ACTIVE');
INSERT INTO kbms_city (id, create_date, ip_address, update_date, user_id, version, code, name, country_id, state_id, status ) VALUES (36, '2015-02-23 17:37:12', 'localhost',NULL,1,0,'IBB','IBBBNDIA',215,NULL,'ACTIVE');
INSERT INTO kbms_city (id, create_date, ip_address, update_date, user_id, version, code, name, country_id, state_id, status ) VALUES (37, '2015-02-23 17:37:12', 'localhost',NULL,1,0,'JBB','JBBBNDIA',215,NULL,'ACTIVE');
INSERT INTO kbms_city (id, create_date, ip_address, update_date, user_id, version, code, name, country_id, state_id, status ) VALUES (38, '2015-02-23 17:37:12', 'localhost',NULL,1,0,'KBB','KBBBNDIA',215,NULL,'ACTIVE');
INSERT INTO kbms_city (id, create_date, ip_address, update_date, user_id, version, code, name, country_id, state_id, status ) VALUES (39, '2015-02-23 17:37:12', 'localhost',NULL,1,0,'LBB','LBBBNDIA',215,NULL,'ACTIVE');
INSERT INTO kbms_city (id, create_date, ip_address, update_date, user_id, version, code, name, country_id, state_id, status ) VALUES (40, '2015-02-23 17:37:12', 'localhost',NULL,1,0,'MBB','MBBBNDIA',215,NULL,'ACTIVE');
INSERT INTO kbms_city (id, create_date, ip_address, update_date, user_id, version, code, name, country_id, state_id, status ) VALUES (41, '2015-02-23 17:37:12', 'localhost',NULL,1,0,'NBB','NBBBNDIA',215,NULL,'ACTIVE');
INSERT INTO kbms_city (id, create_date, ip_address, update_date, user_id, version, code, name, country_id, state_id, status ) VALUES (42, '2015-02-23 17:37:12', 'localhost',NULL,1,0,'OBB','OBBBNDIA',215,NULL,'ACTIVE');
INSERT INTO kbms_city (id, create_date, ip_address, update_date, user_id, version, code, name, country_id, state_id, status ) VALUES (43, '2015-02-23 17:37:12', 'localhost',NULL,1,0,'PBB','PBBBNDIA',215,NULL,'ACTIVE');
INSERT INTO kbms_city (id, create_date, ip_address, update_date, user_id, version, code, name, country_id, state_id, status ) VALUES (44, '2015-02-23 17:37:12', 'localhost',NULL,1,0,'QBB','QBBBNDIA',215,NULL,'ACTIVE');
INSERT INTO kbms_city (id, create_date, ip_address, update_date, user_id, version, code, name, country_id, state_id, status ) VALUES (45, '2015-02-23 17:37:12', 'localhost',NULL,1,0,'RBB','RBBBNDIA',215,NULL,'ACTIVE');
INSERT INTO kbms_city (id, create_date, ip_address, update_date, user_id, version, code, name, country_id, state_id, status ) VALUES (46, '2015-02-23 17:37:12', 'localhost',NULL,1,0,'SBB','SBBBNDIA',215,NULL,'ACTIVE');
INSERT INTO kbms_city (id, create_date, ip_address, update_date, user_id, version, code, name, country_id, state_id, status ) VALUES (47, '2015-02-23 17:37:12', 'localhost',NULL,1,0,'TBB','TBBBNDIA',215,NULL,'ACTIVE');
INSERT INTO kbms_city (id, create_date, ip_address, update_date, user_id, version, code, name, country_id, state_id, status ) VALUES (48, '2015-02-23 17:37:12', 'localhost',NULL,1,0,'UBB','UBBBNDIA',215,NULL,'ACTIVE');
INSERT INTO kbms_city (id, create_date, ip_address, update_date, user_id, version, code, name, country_id, state_id, status ) VALUES (49, '2015-02-23 17:37:12', 'localhost',NULL,1,0,'WBB','WBBBNDIA',215,NULL,'ACTIVE');
INSERT INTO kbms_city (id, create_date, ip_address, update_date, user_id, version, code, name, country_id, state_id, status ) VALUES (50, '2015-02-23 17:37:12', 'localhost',NULL,1,0,'YBB','YBBBNDIA',215,NULL,'ACTIVE');
INSERT INTO kbms_city (id, create_date, ip_address, update_date, user_id, version, code, name, country_id, state_id, status ) VALUES (51, '2015-02-23 17:37:12', 'localhost',NULL,1,0,'ZBB','ZBBBNDIA',215,NULL,'ACTIVE');
INSERT INTO kbms_city (id, create_date, ip_address, update_date, user_id, version, code, name, country_id, state_id, status ) VALUES (52, '2015-02-23 17:37:12', 'localhost',NULL,1,0,'ACC','ACCCNDIA',217,NULL,'ACTIVE');
INSERT INTO kbms_city (id, create_date, ip_address, update_date, user_id, version, code, name, country_id, state_id, status ) VALUES (53, '2015-02-23 17:37:12', 'localhost',NULL,1,0,'BCC','BCCCNDIA',217,NULL,'ACTIVE');
INSERT INTO kbms_city (id, create_date, ip_address, update_date, user_id, version, code, name, country_id, state_id, status ) VALUES (54, '2015-02-23 17:37:12', 'localhost',NULL,1,0,'CCC','CCCCNDIA',217,NULL,'ACTIVE');
INSERT INTO kbms_city (id, create_date, ip_address, update_date, user_id, version, code, name, country_id, state_id, status ) VALUES (55, '2015-02-23 17:37:12', 'localhost',NULL,1,0,'DCC','DCCCNDIA',217,NULL,'ACTIVE');
INSERT INTO kbms_city (id, create_date, ip_address, update_date, user_id, version, code, name, country_id, state_id, status ) VALUES (56, '2015-02-23 17:37:12', 'localhost',NULL,1,0,'ECC','ECCCNDIA',217,NULL,'ACTIVE');
INSERT INTO kbms_city (id, create_date, ip_address, update_date, user_id, version, code, name, country_id, state_id, status ) VALUES (57, '2015-02-23 17:37:12', 'localhost',NULL,1,0,'FCC','FCCCNDIA',217,NULL,'ACTIVE');
INSERT INTO kbms_city (id, create_date, ip_address, update_date, user_id, version, code, name, country_id, state_id, status ) VALUES (58, '2015-02-23 17:37:12', 'localhost',NULL,1,0,'GCC','GCCCNDIA',217,NULL,'ACTIVE');
INSERT INTO kbms_city (id, create_date, ip_address, update_date, user_id, version, code, name, country_id, state_id, status ) VALUES (59, '2015-02-23 17:37:12', 'localhost',NULL,1,0,'HCC','HCCCNDIA',217,NULL,'ACTIVE');
INSERT INTO kbms_city (id, create_date, ip_address, update_date, user_id, version, code, name, country_id, state_id, status ) VALUES (60, '2015-02-23 17:37:12', 'localhost',NULL,1,0,'ICC','ICCCNDIA',217,NULL,'ACTIVE');
INSERT INTO kbms_city (id, create_date, ip_address, update_date, user_id, version, code, name, country_id, state_id, status ) VALUES (61, '2015-02-23 17:37:12', 'localhost',NULL,1,0,'JCC','JCCCNDIA',217,NULL,'ACTIVE');
INSERT INTO kbms_city (id, create_date, ip_address, update_date, user_id, version, code, name, country_id, state_id, status ) VALUES (62, '2015-02-23 17:37:12', 'localhost',NULL,1,0,'KCC','KCCCNDIA',217,NULL,'ACTIVE');
INSERT INTO kbms_city (id, create_date, ip_address, update_date, user_id, version, code, name, country_id, state_id, status ) VALUES (63, '2015-02-23 17:37:12', 'localhost',NULL,1,0,'LCC','LCCCNDIA',217,NULL,'ACTIVE');
INSERT INTO kbms_city (id, create_date, ip_address, update_date, user_id, version, code, name, country_id, state_id, status ) VALUES (64, '2015-02-23 17:37:12', 'localhost',NULL,1,0,'MCC','MCCCNDIA',217,NULL,'ACTIVE');
INSERT INTO kbms_city (id, create_date, ip_address, update_date, user_id, version, code, name, country_id, state_id, status ) VALUES (65, '2015-02-23 17:37:12', 'localhost',NULL,1,0,'NCC','NCCCNDIA',217,NULL,'ACTIVE');
INSERT INTO kbms_city (id, create_date, ip_address, update_date, user_id, version, code, name, country_id, state_id, status ) VALUES (66, '2015-02-23 17:37:12', 'localhost',NULL,1,0,'OCC','OCCCNDIA',217,NULL,'ACTIVE');
INSERT INTO kbms_city (id, create_date, ip_address, update_date, user_id, version, code, name, country_id, state_id, status ) VALUES (67, '2015-02-23 17:37:12', 'localhost',NULL,1,0,'PCC','PCCCNDIA',217,NULL,'ACTIVE');
INSERT INTO kbms_city (id, create_date, ip_address, update_date, user_id, version, code, name, country_id, state_id, status ) VALUES (68, '2015-02-23 17:37:12', 'localhost',NULL,1,0,'QCC','QCCCNDIA',217,NULL,'ACTIVE');
INSERT INTO kbms_city (id, create_date, ip_address, update_date, user_id, version, code, name, country_id, state_id, status ) VALUES (69, '2015-02-23 17:37:12', 'localhost',NULL,1,0,'RCC','RCCCNDIA',217,NULL,'ACTIVE');
INSERT INTO kbms_city (id, create_date, ip_address, update_date, user_id, version, code, name, country_id, state_id, status ) VALUES (70, '2015-02-23 17:37:12', 'localhost',NULL,1,0,'SCC','SCCCNDIA',217,NULL,'ACTIVE');
INSERT INTO kbms_city (id, create_date, ip_address, update_date, user_id, version, code, name, country_id, state_id, status ) VALUES (71, '2015-02-23 17:37:12', 'localhost',NULL,1,0,'TCC','TCCCNDIA',217,NULL,'ACTIVE');
INSERT INTO kbms_city (id, create_date, ip_address, update_date, user_id, version, code, name, country_id, state_id, status ) VALUES (72, '2015-02-23 17:37:12', 'localhost',NULL,1,0,'UCC','UCCCNDIA',217,NULL,'ACTIVE');
INSERT INTO kbms_city (id, create_date, ip_address, update_date, user_id, version, code, name, country_id, state_id, status ) VALUES (73, '2015-02-23 17:37:12', 'localhost',NULL,1,0,'WCC','WCCCNDIA',217,NULL,'ACTIVE');
INSERT INTO kbms_city (id, create_date, ip_address, update_date, user_id, version, code, name, country_id, state_id, status ) VALUES (74, '2015-02-23 17:37:12', 'localhost',NULL,1,0,'YCC','YCCCNDIA',217,NULL,'ACTIVE');
INSERT INTO kbms_city (id, create_date, ip_address, update_date, user_id, version, code, name, country_id, state_id, status ) VALUES (75, '2015-02-23 17:37:12', 'localhost',NULL,1,0,'ZCC','ZCCCNDIA',217,NULL,'ACTIVE');
INSERT INTO kbms_city (id, create_date, ip_address, update_date, user_id, version, code, name, country_id, state_id, status ) VALUES (76, '2015-02-23 17:37:12', 'localhost',NULL,1,0,'ADD','ADDDNDIA',217,NULL,'ACTIVE');
INSERT INTO kbms_city (id, create_date, ip_address, update_date, user_id, version, code, name, country_id, state_id, status ) VALUES (77, '2015-02-23 17:37:12', 'localhost',NULL,1,0,'BDD','BDDDNDIA',217,NULL,'ACTIVE');
INSERT INTO kbms_city (id, create_date, ip_address, update_date, user_id, version, code, name, country_id, state_id, status ) VALUES (78, '2015-02-23 17:37:12', 'localhost',NULL,1,0,'CDD','CDDDNDIA',217,NULL,'ACTIVE');
INSERT INTO kbms_city (id, create_date, ip_address, update_date, user_id, version, code, name, country_id, state_id, status ) VALUES (79, '2015-02-23 17:37:12', 'localhost',NULL,1,0,'DDD','DDDDNDIA',217,NULL,'ACTIVE');
INSERT INTO kbms_city (id, create_date, ip_address, update_date, user_id, version, code, name, country_id, state_id, status ) VALUES (80, '2015-02-23 17:37:12', 'localhost',NULL,1,0,'EDD','EDDDNDIA',217,NULL,'ACTIVE');
INSERT INTO kbms_city (id, create_date, ip_address, update_date, user_id, version, code, name, country_id, state_id, status ) VALUES (81, '2015-02-23 17:37:12', 'localhost',NULL,1,0,'FDD','FDDDNDIA',217,NULL,'ACTIVE');
INSERT INTO kbms_city (id, create_date, ip_address, update_date, user_id, version, code, name, country_id, state_id, status ) VALUES (82, '2015-02-23 17:37:12', 'localhost',NULL,1,0,'GDD','GDDDNDIA',217,NULL,'ACTIVE');
INSERT INTO kbms_city (id, create_date, ip_address, update_date, user_id, version, code, name, country_id, state_id, status ) VALUES (83, '2015-02-23 17:37:12', 'localhost',NULL,1,0,'HDD','HDDDNDIA',217,NULL,'ACTIVE');
INSERT INTO kbms_city (id, create_date, ip_address, update_date, user_id, version, code, name, country_id, state_id, status ) VALUES (84, '2015-02-23 17:37:12', 'localhost',NULL,1,0,'IDD','IDDDNDIA',217,NULL,'ACTIVE');
INSERT INTO kbms_city (id, create_date, ip_address, update_date, user_id, version, code, name, country_id, state_id, status ) VALUES (85, '2015-02-23 17:37:12', 'localhost',NULL,1,0,'JDD','JDDDNDIA',217,NULL,'ACTIVE');
INSERT INTO kbms_city (id, create_date, ip_address, update_date, user_id, version, code, name, country_id, state_id, status ) VALUES (86, '2015-02-23 17:37:12', 'localhost',NULL,1,0,'KDD','KDDDNDIA',217,NULL,'ACTIVE');
INSERT INTO kbms_city (id, create_date, ip_address, update_date, user_id, version, code, name, country_id, state_id, status ) VALUES (87, '2015-02-23 17:37:12', 'localhost',NULL,1,0,'LDD','LDDDNDIA',217,NULL,'ACTIVE');
INSERT INTO kbms_city (id, create_date, ip_address, update_date, user_id, version, code, name, country_id, state_id, status ) VALUES (88, '2015-02-23 17:37:12', 'localhost',NULL,1,0,'MDD','MDDDNDIA',217,NULL,'ACTIVE');
INSERT INTO kbms_city (id, create_date, ip_address, update_date, user_id, version, code, name, country_id, state_id, status ) VALUES (89, '2015-02-23 17:37:12', 'localhost',NULL,1,0,'NDD','NDDDNDIA',217,NULL,'ACTIVE');
INSERT INTO kbms_city (id, create_date, ip_address, update_date, user_id, version, code, name, country_id, state_id, status ) VALUES (90, '2015-02-23 17:37:12', 'localhost',NULL,1,0,'ODD','ODDDNDIA',217,NULL,'ACTIVE');
INSERT INTO kbms_city (id, create_date, ip_address, update_date, user_id, version, code, name, country_id, state_id, status ) VALUES (91, '2015-02-23 17:37:12', 'localhost',NULL,1,0,'PDD','PDDDNDIA',217,NULL,'ACTIVE');
INSERT INTO kbms_city (id, create_date, ip_address, update_date, user_id, version, code, name, country_id, state_id, status ) VALUES (92, '2015-02-23 17:37:12', 'localhost',NULL,1,0,'QDD','QDDDNDIA',217,NULL,'ACTIVE');
INSERT INTO kbms_city (id, create_date, ip_address, update_date, user_id, version, code, name, country_id, state_id, status ) VALUES (93, '2015-02-23 17:37:12', 'localhost',NULL,1,0,'RDD','RDDDNDIA',217,NULL,'ACTIVE');
INSERT INTO kbms_city (id, create_date, ip_address, update_date, user_id, version, code, name, country_id, state_id, status ) VALUES (94, '2015-02-23 17:37:12', 'localhost',NULL,1,0,'SDD','SDDDNDIA',217,NULL,'ACTIVE');
INSERT INTO kbms_city (id, create_date, ip_address, update_date, user_id, version, code, name, country_id, state_id, status ) VALUES (95, '2015-02-23 17:37:12', 'localhost',NULL,1,0,'TDD','TDDDNDIA',217,NULL,'ACTIVE');
INSERT INTO kbms_city (id, create_date, ip_address, update_date, user_id, version, code, name, country_id, state_id, status ) VALUES (96, '2015-02-23 17:37:12', 'localhost',NULL,1,0,'UDD','UDDDNDIA',217,NULL,'ACTIVE');
INSERT INTO kbms_city (id, create_date, ip_address, update_date, user_id, version, code, name, country_id, state_id, status ) VALUES (97, '2015-02-23 17:37:12', 'localhost',NULL,1,0,'WDD','WDDDNDIA',217,NULL,'ACTIVE');
INSERT INTO kbms_city (id, create_date, ip_address, update_date, user_id, version, code, name, country_id, state_id, status ) VALUES (98, '2015-02-23 17:37:13', 'localhost',NULL,1,0,'YDD','YDDDNDIA',217,NULL,'ACTIVE');
INSERT INTO kbms_city (id, create_date, ip_address, update_date, user_id, version, code, name, country_id, state_id, status ) VALUES (99, '2015-02-23 17:37:13', 'localhost',NULL,1,0,'ZDD','ZDDDNDIA',217,NULL,'ACTIVE');
INSERT INTO kbms_city (id, create_date, ip_address, update_date, user_id, version, code, name, country_id, state_id, status ) VALUES (100, '2015-02-23 17:37:13', 'localhost',NULL,1,0,'AEE','AEEENDIA',217,NULL,'ACTIVE');
INSERT INTO kbms_city (id, create_date, ip_address, update_date, user_id, version, code, name, country_id, state_id, status ) VALUES (101, '2015-02-23 17:37:13', 'localhost',NULL,1,0,'BEE','BEEENDIA',217,NULL,'ACTIVE');
INSERT INTO kbms_city (id, create_date, ip_address, update_date, user_id, version, code, name, country_id, state_id, status ) VALUES (102, '2015-02-23 17:37:13', 'localhost',NULL,1,0,'CEE','CEEENDIA',217,NULL,'ACTIVE');
INSERT INTO kbms_city (id, create_date, ip_address, update_date, user_id, version, code, name, country_id, state_id, status ) VALUES (103, '2015-02-23 17:37:13', 'localhost',NULL,1,0,'DEE','DEEENDIA',217,NULL,'ACTIVE');
INSERT INTO kbms_city (id, create_date, ip_address, update_date, user_id, version, code, name, country_id, state_id, status ) VALUES (104, '2015-02-23 17:37:13', 'localhost',NULL,1,0,'EEE','EEEENDIA',217,NULL,'ACTIVE');
INSERT INTO kbms_city (id, create_date, ip_address, update_date, user_id, version, code, name, country_id, state_id, status ) VALUES (105, '2015-02-23 17:37:13', 'localhost',NULL,1,0,'FEE','FEEENDIA',217,NULL,'ACTIVE');
INSERT INTO kbms_city (id, create_date, ip_address, update_date, user_id, version, code, name, country_id, state_id, status ) VALUES (106, '2015-02-23 17:37:13', 'localhost',NULL,1,0,'GEE','GEEENDIA',217,NULL,'ACTIVE');
INSERT INTO kbms_city (id, create_date, ip_address, update_date, user_id, version, code, name, country_id, state_id, status ) VALUES (107, '2015-02-23 17:37:13', 'localhost',NULL,1,0,'HEE','HEEENDIA',217,NULL,'ACTIVE');
INSERT INTO kbms_city (id, create_date, ip_address, update_date, user_id, version, code, name, country_id, state_id, status ) VALUES (108, '2015-02-23 17:37:13', 'localhost',NULL,1,0,'IEE','IEEENDIA',217,NULL,'ACTIVE');
INSERT INTO kbms_city (id, create_date, ip_address, update_date, user_id, version, code, name, country_id, state_id, status ) VALUES (109, '2015-02-23 17:37:13', 'localhost',NULL,1,0,'JEE','JEEENDIA',217,NULL,'ACTIVE');
INSERT INTO kbms_city (id, create_date, ip_address, update_date, user_id, version, code, name, country_id, state_id, status ) VALUES (110, '2015-02-23 17:37:13', 'localhost',NULL,1,0,'KEE','KEEENDIA',217,NULL,'ACTIVE');
INSERT INTO kbms_city (id, create_date, ip_address, update_date, user_id, version, code, name, country_id, state_id, status ) VALUES (111, '2015-02-23 17:37:13', 'localhost',NULL,1,0,'LEE','LEEENDIA',217,NULL,'ACTIVE');
INSERT INTO kbms_city (id, create_date, ip_address, update_date, user_id, version, code, name, country_id, state_id, status ) VALUES (112, '2015-02-23 17:37:13', 'localhost',NULL,1,0,'MEE','MEEENDIA',217,NULL,'ACTIVE');
INSERT INTO kbms_city (id, create_date, ip_address, update_date, user_id, version, code, name, country_id, state_id, status ) VALUES (113, '2015-02-23 17:37:13', 'localhost',NULL,1,0,'NEE','NEEENDIA',217,NULL,'ACTIVE');
INSERT INTO kbms_city (id, create_date, ip_address, update_date, user_id, version, code, name, country_id, state_id, status ) VALUES (114, '2015-02-23 17:37:13', 'localhost',NULL,1,0,'OEE','OEEENDIA',217,NULL,'ACTIVE');
INSERT INTO kbms_city (id, create_date, ip_address, update_date, user_id, version, code, name, country_id, state_id, status ) VALUES (115, '2015-02-23 17:37:13', 'localhost',NULL,1,0,'PEE','PEEENDIA',217,NULL,'ACTIVE');
INSERT INTO kbms_city (id, create_date, ip_address, update_date, user_id, version, code, name, country_id, state_id, status ) VALUES (116, '2015-02-23 17:37:13', 'localhost',NULL,1,0,'QEE','QEEENDIA',217,NULL,'ACTIVE');
INSERT INTO kbms_city (id, create_date, ip_address, update_date, user_id, version, code, name, country_id, state_id, status ) VALUES (117, '2015-02-23 17:37:13', 'localhost',NULL,1,0,'REE','REEENDIA',217,NULL,'ACTIVE');
INSERT INTO kbms_city (id, create_date, ip_address, update_date, user_id, version, code, name, country_id, state_id, status ) VALUES (118, '2015-02-23 17:37:13', 'localhost',NULL,1,0,'SEE','SEEENDIA',217,NULL,'ACTIVE');
INSERT INTO kbms_city (id, create_date, ip_address, update_date, user_id, version, code, name, country_id, state_id, status ) VALUES (119, '2015-02-23 17:37:13', 'localhost',NULL,1,0,'TEE','TEEENDIA',217,NULL,'ACTIVE');
INSERT INTO kbms_city (id, create_date, ip_address, update_date, user_id, version, code, name, country_id, state_id, status ) VALUES (120, '2015-02-23 17:37:13', 'localhost',NULL,1,0,'UEE','UEEENDIA',217,NULL,'ACTIVE');
INSERT INTO kbms_city (id, create_date, ip_address, update_date, user_id, version, code, name, country_id, state_id, status ) VALUES (121, '2015-02-23 17:37:13', 'localhost',NULL,1,0,'WEE','WEEENDIA',217,NULL,'ACTIVE');
INSERT INTO kbms_city (id, create_date, ip_address, update_date, user_id, version, code, name, country_id, state_id, status ) VALUES (122, '2015-02-23 17:37:13', 'localhost',NULL,1,0,'YEE','YEEENDIA',217,NULL,'ACTIVE');
INSERT INTO kbms_city (id, create_date, ip_address, update_date, user_id, version, code, name, country_id, state_id, status ) VALUES (123, '2015-02-23 17:37:13', 'localhost',NULL,1,0,'ZEE','ZEEENDIA',217,NULL,'ACTIVE');
INSERT INTO kbms_city (id, create_date, ip_address, update_date, user_id, version, code, name, country_id, state_id, status ) VALUES (124, '2015-02-23 17:37:13', 'localhost',NULL,1,0,'AFF','AFFFNDIA',217,NULL,'ACTIVE');
INSERT INTO kbms_city (id, create_date, ip_address, update_date, user_id, version, code, name, country_id, state_id, status ) VALUES (125, '2015-02-23 17:37:13', 'localhost',NULL,1,0,'BFF','BFFFNDIA',217,NULL,'ACTIVE');
INSERT INTO kbms_city (id, create_date, ip_address, update_date, user_id, version, code, name, country_id, state_id, status ) VALUES (126, '2015-02-23 17:37:13', 'localhost',NULL,1,0,'CFF','CFFFNDIA',217,NULL,'ACTIVE');
INSERT INTO kbms_city (id, create_date, ip_address, update_date, user_id, version, code, name, country_id, state_id, status ) VALUES (127, '2015-02-23 17:37:13', 'localhost',NULL,1,0,'DFF','DFFFNDIA',217,NULL,'ACTIVE');
INSERT INTO kbms_city (id, create_date, ip_address, update_date, user_id, version, code, name, country_id, state_id, status ) VALUES (128, '2015-02-23 17:37:13', 'localhost',NULL,1,0,'EFF','EFFFNDIA',217,NULL,'ACTIVE');
INSERT INTO kbms_city (id, create_date, ip_address, update_date, user_id, version, code, name, country_id, state_id, status ) VALUES (129, '2015-02-23 17:37:13', 'localhost',NULL,1,0,'FFF','FFFFNDIA',217,NULL,'ACTIVE');
INSERT INTO kbms_city (id, create_date, ip_address, update_date, user_id, version, code, name, country_id, state_id, status ) VALUES (130, '2015-02-23 17:37:13', 'localhost',NULL,1,0,'GFF','GFFFNDIA',217,NULL,'ACTIVE');
INSERT INTO kbms_city (id, create_date, ip_address, update_date, user_id, version, code, name, country_id, state_id, status ) VALUES (131, '2015-02-23 17:37:13', 'localhost',NULL,1,0,'HFF','HFFFNDIA',217,NULL,'ACTIVE');
INSERT INTO kbms_city (id, create_date, ip_address, update_date, user_id, version, code, name, country_id, state_id, status ) VALUES (132, '2015-02-23 17:37:13', 'localhost',NULL,1,0,'IFF','IFFFNDIA',217,NULL,'ACTIVE');
INSERT INTO kbms_city (id, create_date, ip_address, update_date, user_id, version, code, name, country_id, state_id, status ) VALUES (133, '2015-02-23 17:37:13', 'localhost',NULL,1,0,'JFF','JFFFNDIA',217,NULL,'ACTIVE');
INSERT INTO kbms_city (id, create_date, ip_address, update_date, user_id, version, code, name, country_id, state_id, status ) VALUES (134, '2015-02-23 17:37:13', 'localhost',NULL,1,0,'KFF','KFFFNDIA',217,NULL,'ACTIVE');
INSERT INTO kbms_city (id, create_date, ip_address, update_date, user_id, version, code, name, country_id, state_id, status ) VALUES (135, '2015-02-23 17:37:13', 'localhost',NULL,1,0,'LFF','LFFFNDIA',217,NULL,'ACTIVE');
INSERT INTO kbms_city (id, create_date, ip_address, update_date, user_id, version, code, name, country_id, state_id, status ) VALUES (136, '2015-02-23 17:37:13', 'localhost',NULL,1,0,'MFF','MFFFNDIA',217,NULL,'ACTIVE');
INSERT INTO kbms_city (id, create_date, ip_address, update_date, user_id, version, code, name, country_id, state_id, status ) VALUES (137, '2015-02-23 17:37:13', 'localhost',NULL,1,0,'NFF','NFFFNDIA',217,NULL,'ACTIVE');
INSERT INTO kbms_city (id, create_date, ip_address, update_date, user_id, version, code, name, country_id, state_id, status ) VALUES (138, '2015-02-23 17:37:13', 'localhost',NULL,1,0,'OFF','OFFFNDIA',217,NULL,'ACTIVE');
INSERT INTO kbms_city (id, create_date, ip_address, update_date, user_id, version, code, name, country_id, state_id, status ) VALUES (139, '2015-02-23 17:37:13', 'localhost',NULL,1,0,'PFF','PFFFNDIA',217,NULL,'ACTIVE');
INSERT INTO kbms_city (id, create_date, ip_address, update_date, user_id, version, code, name, country_id, state_id, status ) VALUES (140, '2015-02-23 17:37:13', 'localhost',NULL,1,0,'QFF','QFFFNDIA',217,NULL,'ACTIVE');
INSERT INTO kbms_city (id, create_date, ip_address, update_date, user_id, version, code, name, country_id, state_id, status ) VALUES (141, '2015-02-23 17:37:13', 'localhost',NULL,1,0,'RFF','RFFFNDIA',217,NULL,'ACTIVE');
INSERT INTO kbms_city (id, create_date, ip_address, update_date, user_id, version, code, name, country_id, state_id, status ) VALUES (142, '2015-02-23 17:37:13', 'localhost',NULL,1,0,'SFF','SFFFNDIA',217,NULL,'ACTIVE');
INSERT INTO kbms_city (id, create_date, ip_address, update_date, user_id, version, code, name, country_id, state_id, status ) VALUES (143, '2015-02-23 17:37:13', 'localhost',NULL,1,0,'TFF','TFFFNDIA',217,NULL,'ACTIVE');
INSERT INTO kbms_city (id, create_date, ip_address, update_date, user_id, version, code, name, country_id, state_id, status ) VALUES (144, '2015-02-23 17:37:13', 'localhost',NULL,1,0,'UFF','UFFFNDIA',217,NULL,'ACTIVE');
INSERT INTO kbms_city (id, create_date, ip_address, update_date, user_id, version, code, name, country_id, state_id, status ) VALUES (145, '2015-02-23 17:37:13', 'localhost',NULL,1,0,'WFF','WFFFNDIA',217,NULL,'ACTIVE');
INSERT INTO kbms_city (id, create_date, ip_address, update_date, user_id, version, code, name, country_id, state_id, status ) VALUES (146, '2015-02-23 17:37:13', 'localhost',NULL,1,0,'YFF','YFFFNDIA',217,NULL,'ACTIVE');
INSERT INTO kbms_city (id, create_date, ip_address, update_date, user_id, version, code, name, country_id, state_id, status ) VALUES (147, '2015-02-23 17:37:13', 'localhost',NULL,1,0,'ZFF','ZFFFNDIA',217,NULL,'ACTIVE');
INSERT INTO kbms_city (id, create_date, ip_address, update_date, user_id, version, code, name, country_id, state_id, status ) VALUES (148, '2015-02-23 17:37:13', 'localhost',NULL,1,0,'AGG','AGGGNDIA',218,NULL,'ACTIVE');
INSERT INTO kbms_city (id, create_date, ip_address, update_date, user_id, version, code, name, country_id, state_id, status ) VALUES (149, '2015-02-23 17:37:13', 'localhost',NULL,1,0,'BGG','BGGGNDIA',218,NULL,'ACTIVE');
INSERT INTO kbms_city (id, create_date, ip_address, update_date, user_id, version, code, name, country_id, state_id, status ) VALUES (150, '2015-02-23 17:37:13', 'localhost',NULL,1,0,'CGG','CGGGNDIA',218,NULL,'ACTIVE');
INSERT INTO kbms_city (id, create_date, ip_address, update_date, user_id, version, code, name, country_id, state_id, status ) VALUES (151, '2015-02-23 17:37:13', 'localhost',NULL,1,0,'DGG','DGGGNDIA',218,NULL,'ACTIVE');
INSERT INTO kbms_city (id, create_date, ip_address, update_date, user_id, version, code, name, country_id, state_id, status ) VALUES (152, '2015-02-23 17:37:13', 'localhost',NULL,1,0,'EGG','EGGGNDIA',218,NULL,'ACTIVE');
INSERT INTO kbms_city (id, create_date, ip_address, update_date, user_id, version, code, name, country_id, state_id, status ) VALUES (153, '2015-02-23 17:37:13', 'localhost',NULL,1,0,'FGG','FGGGNDIA',218,NULL,'ACTIVE');
INSERT INTO kbms_city (id, create_date, ip_address, update_date, user_id, version, code, name, country_id, state_id, status ) VALUES (154, '2015-02-23 17:37:13', 'localhost',NULL,1,0,'GGG','GGGGNDIA',218,NULL,'ACTIVE');
INSERT INTO kbms_city (id, create_date, ip_address, update_date, user_id, version, code, name, country_id, state_id, status ) VALUES (155, '2015-02-23 17:37:13', 'localhost',NULL,1,0,'HGG','HGGGNDIA',218,NULL,'ACTIVE');
INSERT INTO kbms_city (id, create_date, ip_address, update_date, user_id, version, code, name, country_id, state_id, status ) VALUES (156, '2015-02-23 17:37:13', 'localhost',NULL,1,0,'IGG','IGGGNDIA',218,NULL,'ACTIVE');
INSERT INTO kbms_city (id, create_date, ip_address, update_date, user_id, version, code, name, country_id, state_id, status ) VALUES (157, '2015-02-23 17:37:13', 'localhost',NULL,1,0,'JGG','JGGGNDIA',218,NULL,'ACTIVE');
INSERT INTO kbms_city (id, create_date, ip_address, update_date, user_id, version, code, name, country_id, state_id, status ) VALUES (158, '2015-02-23 17:37:13', 'localhost',NULL,1,0,'KGG','KGGGNDIA',218,NULL,'ACTIVE');
INSERT INTO kbms_city (id, create_date, ip_address, update_date, user_id, version, code, name, country_id, state_id, status ) VALUES (159, '2015-02-23 17:37:13', 'localhost',NULL,1,0,'LGG','LGGGNDIA',218,NULL,'ACTIVE');
INSERT INTO kbms_city (id, create_date, ip_address, update_date, user_id, version, code, name, country_id, state_id, status ) VALUES (160, '2015-02-23 17:37:13', 'localhost',NULL,1,0,'MGG','MGGGNDIA',218,NULL,'ACTIVE');
INSERT INTO kbms_city (id, create_date, ip_address, update_date, user_id, version, code, name, country_id, state_id, status ) VALUES (161, '2015-02-23 17:37:13', 'localhost',NULL,1,0,'NGG','NGGGNDIA',218,NULL,'ACTIVE');
INSERT INTO kbms_city (id, create_date, ip_address, update_date, user_id, version, code, name, country_id, state_id, status ) VALUES (162, '2015-02-23 17:37:13', 'localhost',NULL,1,0,'OGG','OGGGNDIA',218,NULL,'ACTIVE');
INSERT INTO kbms_city (id, create_date, ip_address, update_date, user_id, version, code, name, country_id, state_id, status ) VALUES (163, '2015-02-23 17:37:13', 'localhost',NULL,1,0,'PGG','PGGGNDIA',218,NULL,'ACTIVE');
INSERT INTO kbms_city (id, create_date, ip_address, update_date, user_id, version, code, name, country_id, state_id, status ) VALUES (164, '2015-02-23 17:37:13', 'localhost',NULL,1,0,'QGG','QGGGNDIA',218,NULL,'ACTIVE');
INSERT INTO kbms_city (id, create_date, ip_address, update_date, user_id, version, code, name, country_id, state_id, status ) VALUES (165, '2015-02-23 17:37:13', 'localhost',NULL,1,0,'RGG','RGGGNDIA',218,NULL,'ACTIVE');
INSERT INTO kbms_city (id, create_date, ip_address, update_date, user_id, version, code, name, country_id, state_id, status ) VALUES (166, '2015-02-23 17:37:13', 'localhost',NULL,1,0,'SGG','SGGGNDIA',218,NULL,'ACTIVE');
INSERT INTO kbms_city (id, create_date, ip_address, update_date, user_id, version, code, name, country_id, state_id, status ) VALUES (167, '2015-02-23 17:37:13', 'localhost',NULL,1,0,'TGG','TGGGNDIA',218,NULL,'ACTIVE');
INSERT INTO kbms_city (id, create_date, ip_address, update_date, user_id, version, code, name, country_id, state_id, status ) VALUES (168, '2015-02-23 17:37:13', 'localhost',NULL,1,0,'UGG','UGGGNDIA',218,NULL,'ACTIVE');
INSERT INTO kbms_city (id, create_date, ip_address, update_date, user_id, version, code, name, country_id, state_id, status ) VALUES (169, '2015-02-23 17:37:13', 'localhost',NULL,1,0,'WGG','WGGGNDIA',218,NULL,'ACTIVE');
INSERT INTO kbms_city (id, create_date, ip_address, update_date, user_id, version, code, name, country_id, state_id, status ) VALUES (170, '2015-02-23 17:37:13', 'localhost',NULL,1,0,'YGG','YGGGNDIA',218,NULL,'ACTIVE');
INSERT INTO kbms_city (id, create_date, ip_address, update_date, user_id, version, code, name, country_id, state_id, status ) VALUES (171, '2015-02-23 17:37:13', 'localhost',NULL,1,0,'ZGG','ZGGGNDIA',218,NULL,'ACTIVE');
INSERT INTO kbms_city (id, create_date, ip_address, update_date, user_id, version, code, name, country_id, state_id, status ) VALUES (172, '2015-02-23 17:37:13', 'localhost',NULL,1,0,'AHH','AHHHNDIA',216,NULL,'ACTIVE');
INSERT INTO kbms_city (id, create_date, ip_address, update_date, user_id, version, code, name, country_id, state_id, status ) VALUES (173, '2015-02-23 17:37:13', 'localhost',NULL,1,0,'BHH','BHHHNDIA',216,NULL,'ACTIVE');
INSERT INTO kbms_city (id, create_date, ip_address, update_date, user_id, version, code, name, country_id, state_id, status ) VALUES (174, '2015-02-23 17:37:13', 'localhost',NULL,1,0,'CHH','CHHHNDIA',216,NULL,'ACTIVE');
INSERT INTO kbms_city (id, create_date, ip_address, update_date, user_id, version, code, name, country_id, state_id, status ) VALUES (175, '2015-02-23 17:37:13', 'localhost',NULL,1,0,'DHH','DHHHNDIA',216,NULL,'ACTIVE');
INSERT INTO kbms_city (id, create_date, ip_address, update_date, user_id, version, code, name, country_id, state_id, status ) VALUES (176, '2015-02-23 17:37:13', 'localhost',NULL,1,0,'EHH','EHHHNDIA',216,NULL,'ACTIVE');
INSERT INTO kbms_city (id, create_date, ip_address, update_date, user_id, version, code, name, country_id, state_id, status ) VALUES (177, '2015-02-23 17:37:13', 'localhost',NULL,1,0,'FHH','FHHHNDIA',216,NULL,'ACTIVE');
INSERT INTO kbms_city (id, create_date, ip_address, update_date, user_id, version, code, name, country_id, state_id, status ) VALUES (178, '2015-02-23 17:37:13', 'localhost',NULL,1,0,'GHH','GHHHNDIA',216,NULL,'ACTIVE');
INSERT INTO kbms_city (id, create_date, ip_address, update_date, user_id, version, code, name, country_id, state_id, status ) VALUES (179, '2015-02-23 17:37:13', 'localhost',NULL,1,0,'HHH','HHHHNDIA',216,NULL,'ACTIVE');
INSERT INTO kbms_city (id, create_date, ip_address, update_date, user_id, version, code, name, country_id, state_id, status ) VALUES (180, '2015-02-23 17:37:13', 'localhost',NULL,1,0,'IHH','IHHHNDIA',216,NULL,'ACTIVE');
INSERT INTO kbms_city (id, create_date, ip_address, update_date, user_id, version, code, name, country_id, state_id, status ) VALUES (181, '2015-02-23 17:37:13', 'localhost',NULL,1,0,'JHH','JHHHNDIA',216,NULL,'ACTIVE');
INSERT INTO kbms_city (id, create_date, ip_address, update_date, user_id, version, code, name, country_id, state_id, status ) VALUES (182, '2015-02-23 17:37:13', 'localhost',NULL,1,0,'KHH','KHHHNDIA',216,NULL,'ACTIVE');
INSERT INTO kbms_city (id, create_date, ip_address, update_date, user_id, version, code, name, country_id, state_id, status ) VALUES (183, '2015-02-23 17:37:13', 'localhost',NULL,1,0,'LHH','LHHHNDIA',216,NULL,'ACTIVE');
INSERT INTO kbms_city (id, create_date, ip_address, update_date, user_id, version, code, name, country_id, state_id, status ) VALUES (184, '2015-02-23 17:37:13', 'localhost',NULL,1,0,'MHH','MHHHNDIA',216,NULL,'ACTIVE');
INSERT INTO kbms_city (id, create_date, ip_address, update_date, user_id, version, code, name, country_id, state_id, status ) VALUES (185, '2015-02-23 17:37:13', 'localhost',NULL,1,0,'NHH','NHHHNDIA',216,NULL,'ACTIVE');
INSERT INTO kbms_city (id, create_date, ip_address, update_date, user_id, version, code, name, country_id, state_id, status ) VALUES (186, '2015-02-23 17:37:13', 'localhost',NULL,1,0,'OHH','OHHHNDIA',216,NULL,'ACTIVE');
INSERT INTO kbms_city (id, create_date, ip_address, update_date, user_id, version, code, name, country_id, state_id, status ) VALUES (187, '2015-02-23 17:37:13', 'localhost',NULL,1,0,'PHH','PHHHNDIA',216,NULL,'ACTIVE');
INSERT INTO kbms_city (id, create_date, ip_address, update_date, user_id, version, code, name, country_id, state_id, status ) VALUES (188, '2015-02-23 17:37:13', 'localhost',NULL,1,0,'QHH','QHHHNDIA',216,NULL,'ACTIVE');
INSERT INTO kbms_city (id, create_date, ip_address, update_date, user_id, version, code, name, country_id, state_id, status ) VALUES (189, '2015-02-23 17:37:13', 'localhost',NULL,1,0,'RHH','RHHHNDIA',216,NULL,'ACTIVE');
INSERT INTO kbms_city (id, create_date, ip_address, update_date, user_id, version, code, name, country_id, state_id, status ) VALUES (190, '2015-02-23 17:37:13', 'localhost',NULL,1,0,'SHH','SHHHNDIA',216,NULL,'ACTIVE');
INSERT INTO kbms_city (id, create_date, ip_address, update_date, user_id, version, code, name, country_id, state_id, status ) VALUES (191, '2015-02-23 17:37:13', 'localhost',NULL,1,0,'THH','THHHNDIA',216,NULL,'ACTIVE');
INSERT INTO kbms_city (id, create_date, ip_address, update_date, user_id, version, code, name, country_id, state_id, status ) VALUES (192, '2015-02-23 17:37:13', 'localhost',NULL,1,0,'UHH','UHHHNDIA',216,NULL,'ACTIVE');
INSERT INTO kbms_city (id, create_date, ip_address, update_date, user_id, version, code, name, country_id, state_id, status ) VALUES (193, '2015-02-23 17:37:13', 'localhost',NULL,1,0,'WHH','WHHHNDIA',216,NULL,'ACTIVE');
INSERT INTO kbms_city (id, create_date, ip_address, update_date, user_id, version, code, name, country_id, state_id, status ) VALUES (194, '2015-02-23 17:37:13', 'localhost',NULL,1,0,'YHH','YHHHNDIA',216,NULL,'ACTIVE');
INSERT INTO kbms_city (id, create_date, ip_address, update_date, user_id, version, code, name, country_id, state_id, status ) VALUES (195, '2015-02-23 17:37:13', 'localhost',NULL,1,0,'ZHH','ZHHHNDIA',216,NULL,'ACTIVE');
INSERT INTO kbms_city (id, create_date, ip_address, update_date, user_id, version, code, name, country_id, state_id, status ) VALUES (196, '2015-02-23 17:37:13', 'localhost',NULL,1,0,'AII','AIIINDIA',219,NULL,'ACTIVE');
INSERT INTO kbms_city (id, create_date, ip_address, update_date, user_id, version, code, name, country_id, state_id, status ) VALUES (197, '2015-02-23 17:37:13', 'localhost',NULL,1,0,'BII','BIIINDIA',219,NULL,'ACTIVE');
INSERT INTO kbms_city (id, create_date, ip_address, update_date, user_id, version, code, name, country_id, state_id, status ) VALUES (198, '2015-02-23 17:37:13', 'localhost',NULL,1,0,'CII','CIIINDIA',219,NULL,'ACTIVE');
INSERT INTO kbms_city (id, create_date, ip_address, update_date, user_id, version, code, name, country_id, state_id, status ) VALUES (199, '2015-02-23 17:37:13', 'localhost',NULL,1,0,'DII','DIIINDIA',219,NULL,'ACTIVE');
INSERT INTO kbms_city (id, create_date, ip_address, update_date, user_id, version, code, name, country_id, state_id, status ) VALUES (200, '2015-02-23 17:37:13', 'localhost',NULL,1,0,'EII','EIIINDIA',219,NULL,'ACTIVE');
INSERT INTO kbms_city (id, create_date, ip_address, update_date, user_id, version, code, name, country_id, state_id, status ) VALUES (201, '2015-02-23 17:37:14', 'localhost',NULL,1,0,'FII','FIIINDIA',219,NULL,'ACTIVE');
INSERT INTO kbms_city (id, create_date, ip_address, update_date, user_id, version, code, name, country_id, state_id, status ) VALUES (202, '2015-02-23 17:37:14', 'localhost',NULL,1,0,'GII','GIIINDIA',219,NULL,'ACTIVE');
INSERT INTO kbms_city (id, create_date, ip_address, update_date, user_id, version, code, name, country_id, state_id, status ) VALUES (203, '2015-02-23 17:37:14', 'localhost',NULL,1,0,'HII','HIIINDIA',219,NULL,'ACTIVE');
INSERT INTO kbms_city (id, create_date, ip_address, update_date, user_id, version, code, name, country_id, state_id, status ) VALUES (204, '2015-02-23 17:37:14', 'localhost',NULL,1,0,'III','IIIINDIA',219,NULL,'ACTIVE');
INSERT INTO kbms_city (id, create_date, ip_address, update_date, user_id, version, code, name, country_id, state_id, status ) VALUES (205, '2015-02-23 17:37:14', 'localhost',NULL,1,0,'JII','JIIINDIA',219,NULL,'ACTIVE');
INSERT INTO kbms_city (id, create_date, ip_address, update_date, user_id, version, code, name, country_id, state_id, status ) VALUES (206, '2015-02-23 17:37:14', 'localhost',NULL,1,0,'KII','KIIINDIA',219,NULL,'ACTIVE');
INSERT INTO kbms_city (id, create_date, ip_address, update_date, user_id, version, code, name, country_id, state_id, status ) VALUES (207, '2015-02-23 17:37:14', 'localhost',NULL,1,0,'LII','LIIINDIA',219,NULL,'ACTIVE');
INSERT INTO kbms_city (id, create_date, ip_address, update_date, user_id, version, code, name, country_id, state_id, status ) VALUES (208, '2015-02-23 17:37:14', 'localhost',NULL,1,0,'MII','MIIINDIA',219,NULL,'ACTIVE');
INSERT INTO kbms_city (id, create_date, ip_address, update_date, user_id, version, code, name, country_id, state_id, status ) VALUES (209, '2015-02-23 17:37:14', 'localhost',NULL,1,0,'NII','NIIINDIA',219,NULL,'ACTIVE');
INSERT INTO kbms_city (id, create_date, ip_address, update_date, user_id, version, code, name, country_id, state_id, status ) VALUES (210, '2015-02-23 17:37:14', 'localhost',NULL,1,0,'OII','OIIINDIA',219,NULL,'ACTIVE');
INSERT INTO kbms_city (id, create_date, ip_address, update_date, user_id, version, code, name, country_id, state_id, status ) VALUES (211, '2015-02-23 17:37:14', 'localhost',NULL,1,0,'PII','PIIINDIA',219,NULL,'ACTIVE');
INSERT INTO kbms_city (id, create_date, ip_address, update_date, user_id, version, code, name, country_id, state_id, status ) VALUES (212, '2015-02-23 17:37:14', 'localhost',NULL,1,0,'QII','QIIINDIA',219,NULL,'ACTIVE');
INSERT INTO kbms_city (id, create_date, ip_address, update_date, user_id, version, code, name, country_id, state_id, status ) VALUES (213, '2015-02-23 17:37:14', 'localhost',NULL,1,0,'RII','RIIINDIA',219,NULL,'ACTIVE');
INSERT INTO kbms_city (id, create_date, ip_address, update_date, user_id, version, code, name, country_id, state_id, status ) VALUES (214, '2015-02-23 17:37:14', 'localhost',NULL,1,0,'SII','SIIINDIA',219,NULL,'ACTIVE');
INSERT INTO kbms_city (id, create_date, ip_address, update_date, user_id, version, code, name, country_id, state_id, status ) VALUES (215, '2015-02-23 17:37:14', 'localhost',NULL,1,0,'TII','TIIINDIA',219,NULL,'ACTIVE');
INSERT INTO kbms_city (id, create_date, ip_address, update_date, user_id, version, code, name, country_id, state_id, status ) VALUES (216, '2015-02-23 17:37:14', 'localhost',NULL,1,0,'UII','UIIINDIA',219,NULL,'ACTIVE');
INSERT INTO kbms_city (id, create_date, ip_address, update_date, user_id, version, code, name, country_id, state_id, status ) VALUES (217, '2015-02-23 17:37:14', 'localhost',NULL,1,0,'WII','WIIINDIA',219,NULL,'ACTIVE');
INSERT INTO kbms_city (id, create_date, ip_address, update_date, user_id, version, code, name, country_id, state_id, status ) VALUES (218, '2015-02-23 17:37:14', 'localhost',NULL,1,0,'YII','YIIINDIA',219,NULL,'ACTIVE');
INSERT INTO kbms_city (id, create_date, ip_address, update_date, user_id, version, code, name, country_id, state_id, status ) VALUES (219, '2015-02-23 17:37:14', 'localhost',NULL,1,0,'ZII','ZIIINDIA',219,NULL,'ACTIVE');
INSERT INTO kbms_city (id, create_date, ip_address, update_date, user_id, version, code, name, country_id, state_id, status ) VALUES (220, '2015-02-23 21:01:15', NULL, NULL,NULL,0,'ABC','ABC',215,NULL,'ACTIVE');

INSERT INTO kbms_city (id, create_date, ip_address, update_date, user_id, version, code, name, country_id, state_id, status ) VALUES (221, '2015-04-01 00:00:00', NULL, NULL,NULL,0,'NYC','New York City',215,NULL,'ACTIVE');

INSERT INTO kbms_city (id, create_date, ip_address, update_date, user_id, version, code, name, country_id, state_id, status ) VALUES (222, '2015-04-01 00:00:00', NULL, NULL,NULL,0,'LO','London',213,NULL,'ACTIVE');



--Airport data
INSERT INTO KBMS_AIRPORT(id, create_date, ip_address, update_date, user_id, version, code, description, icao_code, name, status, city_id) VALUES (1, '2015-02-23 21:01:15', 'localhost', NULL, 1, 0, 'IST', 'ATATURK HAVA', 'IST', 'ATATURK HAVALIMANI', 'ACTIVE', 34);
INSERT INTO KBMS_AIRPORT(id, create_date, ip_address, update_date, user_id, version, code, description, icao_code, name, status, city_id) VALUES (2, '2015-02-23 21:01:15', 'localhost', NULL, 1, 0, 'ESB', 'ESENBOGA HAVA', 'ESB', 'ESENBOGA HAVALIMANI', 'ACTIVE', 06);
INSERT INTO KBMS_AIRPORT(id, create_date, ip_address, update_date, user_id, version, code, description, icao_code, name, status, city_id) VALUES (3, '2015-02-23 21:01:15', 'localhost', NULL, 1, 0, 'SAW', 'SABIHA GOKCEN', 'SAW', 'SABIHA GOKCEN HAVALIMANI', 'ACTIVE', 34);
INSERT INTO KBMS_AIRPORT(id, create_date, ip_address, update_date, user_id, version, code, description, icao_code, name, status, city_id) VALUES (4, '2015-02-23 21:01:15', 'localhost', NULL, 1, 0, 'JFK', 'Johnny', 'JFK', 'John F Kennedy', 'ACTIVE', 221);
INSERT INTO KBMS_AIRPORT(id, create_date, ip_address, update_date, user_id, version, code, description, icao_code, name, status, city_id) VALUES (5, '2015-02-23 21:01:15', 'localhost', NULL, 1, 0, 'LHR', 'London Heathrow', 'EGLL', 'London Heathrow Airport', 'ACTIVE', 222);



--AIDXCodeSet data
INSERT INTO KBMS_AIDX_CODE_SET (ID, CREATE_DATE, IP_ADDRESS, VERSION, CODE, DESCRIPTION, TYPE, CODE_SET) VALUES (1, SYSDATE, 'localhost', 0, 'ACT','Actual time','UNSPECIFIED', '2005' );
INSERT INTO KBMS_AIDX_CODE_SET (ID, CREATE_DATE, IP_ADDRESS, VERSION, CODE, DESCRIPTION, TYPE, CODE_SET) VALUES (2, SYSDATE, 'localhost', 0, 'AD','Actual departure off blocks information','UNSPECIFIED', '2005' );
INSERT INTO KBMS_AIDX_CODE_SET (ID, CREATE_DATE, IP_ADDRESS, VERSION, CODE, DESCRIPTION, TYPE, CODE_SET) VALUES (3, SYSDATE, 'localhost', 0, 'AI','Airborne information','UNSPECIFIED', '2005' );
INSERT INTO KBMS_AIDX_CODE_SET (ID, CREATE_DATE, IP_ADDRESS, VERSION, CODE, DESCRIPTION, TYPE, CODE_SET) VALUES (4, SYSDATE, 'localhost', 0, 'ALL','Allocated time, in local','UNSPECIFIED', '2005' );
INSERT INTO KBMS_AIDX_CODE_SET (ID, CREATE_DATE, IP_ADDRESS, VERSION, CODE, DESCRIPTION, TYPE, CODE_SET) VALUES (5, SYSDATE, 'localhost', 0, 'ALT','Allocated time','UNSPECIFIED', '2005' );
INSERT INTO KBMS_AIDX_CODE_SET (ID, CREATE_DATE, IP_ADDRESS, VERSION, CODE, DESCRIPTION, TYPE, CODE_SET) VALUES (6, SYSDATE, 'localhost', 0, 'B','Not Valid Before - First Travel Date','UNSPECIFIED', '2005' );
INSERT INTO KBMS_AIDX_CODE_SET (ID, CREATE_DATE, IP_ADDRESS, VERSION, CODE, DESCRIPTION, TYPE, CODE_SET) VALUES (7, SYSDATE, 'localhost', 0, 'CAL','Calculated','UNSPECIFIED', '2005' );
INSERT INTO KBMS_AIDX_CODE_SET (ID, CREATE_DATE, IP_ADDRESS, VERSION, CODE, DESCRIPTION, TYPE, CODE_SET) VALUES (8, SYSDATE, 'localhost', 0, 'COL','Confirmed time, in local','OPERATIONAL', '2005' );
INSERT INTO KBMS_AIDX_CODE_SET (ID, CREATE_DATE, IP_ADDRESS, VERSION, CODE, DESCRIPTION, TYPE, CODE_SET) VALUES (9, SYSDATE, 'localhost', 0, 'COT','Confirmed time','OPERATIONAL', '2005' );
INSERT INTO KBMS_AIDX_CODE_SET (ID, CREATE_DATE, IP_ADDRESS, VERSION, CODE, DESCRIPTION, TYPE, CODE_SET) VALUES (10, SYSDATE, 'localhost', 0, 'DV','Flight diverted','OPERATIONAL', '2005' );
INSERT INTO KBMS_AIDX_CODE_SET (ID, CREATE_DATE, IP_ADDRESS, VERSION, CODE, DESCRIPTION, TYPE, CODE_SET) VALUES (11, SYSDATE, 'localhost', 0, 'DX','Flight cancelled','OPERATIONAL', '2005' );
INSERT INTO KBMS_AIDX_CODE_SET (ID, CREATE_DATE, IP_ADDRESS, VERSION, CODE, DESCRIPTION, TYPE, CODE_SET) VALUES (12, SYSDATE, 'localhost', 0, 'E','Early','OPERATIONAL', '2005' );
INSERT INTO KBMS_AIDX_CODE_SET (ID, CREATE_DATE, IP_ADDRESS, VERSION, CODE, DESCRIPTION, TYPE, CODE_SET) VALUES (13, SYSDATE, 'localhost', 0, 'EA','Estimated arrival touchdown information','UNSPECIFIED', '2005' );
INSERT INTO KBMS_AIDX_CODE_SET (ID, CREATE_DATE, IP_ADDRESS, VERSION, CODE, DESCRIPTION, TYPE, CODE_SET) VALUES (14, SYSDATE, 'localhost', 0, 'EAL','Earliest time, in local ','UNSPECIFIED', '2005' );
INSERT INTO KBMS_AIDX_CODE_SET (ID, CREATE_DATE, IP_ADDRESS, VERSION, CODE, DESCRIPTION, TYPE, CODE_SET) VALUES (15, SYSDATE, 'localhost', 0, 'EAT','Earliest time','UNSPECIFIED', '2005' );
INSERT INTO KBMS_AIDX_CODE_SET (ID, CREATE_DATE, IP_ADDRESS, VERSION, CODE, DESCRIPTION, TYPE, CODE_SET) VALUES (16, SYSDATE, 'localhost', 0, 'EB','Estimated on blocks information ','UNSPECIFIED', '2005' );

